INSEE_C;taux_vacance_pct;taux_vacance_long_pct
01001;4.43;
01002;8.89;
01004;9.78;3.5
01005;6.12;1.47
01007;7.8;3.86
01008;5.7;
01010;11.13;3.87
01011;6.15;
01012;7.83;
01014;9.18;3.45
01017;20.81;12.73
01021;6.46;
01022;12.61;4.2
01024;6.22;2.1
01025;6.79;2.71
01026;9.95;3.47
01027;6.52;3.11
01029;14.42;5.96
01030;9.74;
01031;11.18;5.49
01032;7.14;2.41
01033;13.64;6.13
01034;13.3;5.62
01036;10.93;5.47
01038;8.0;
01040;5.38;
01041;10.34;3.88
01042;;
01043;4.96;1.14
01044;10.33;3.67
01046;6.19;
01047;4.4;
01049;6.22;1.92
01053;11.52;3.62
01054;5.05;2.21
01056;11.74;
01057;9.7;
01058;8.99;4.49
01060;13.07;8.24
01062;4.66;
01063;5.47;
01064;11.45;4.01
01065;4.99;1.71
01067;16.8;
01068;16.77;11.46
01069;4.54;
01071;8.29;2.97
01072;8.13;3.21
01073;10.08;5.41
01074;10.11;4.61
01075;4.26;
01076;16.43;
01078;8.3;3.5
01079;13.73;9.31
01080;8.17;4.63
01081;9.97;4.58
01082;20.06;6.79
01083;5.05;
01084;7.44;
01087;16.67;10.34
01088;4.94;
01089;4.72;1.57
01090;;
01092;7.82;3.78
01093;8.37;2.26
01094;12.57;6.28
01095;15.22;8.25
01096;5.7;
01098;9.63;5.32
01099;6.68;2.83
01102;6.22;3.78
01103;6.22;2.31
01104;19.46;14.84
01105;5.63;2.14
01108;12.67;5.89
01109;11.84;5.27
01112;8.42;
01113;6.16;
01114;9.09;
01115;6.62;3.14
01118;10.58;5.01
01124;13.21;6.74
01125;16.49;4.52
01128;8.22;
01129;;
01130;5.98;2.94
01133;7.05;
01134;5.51;3.38
01135;8.43;4.17
01136;4.37;
01138;11.81;5.24
01139;15.22;9.06
01140;3.55;
01142;6.08;0.79
01143;8.66;2.91
01145;7.65;2.99
01147;6.69;
01148;8.19;3.9
01149;4.49;
01153;6.24;1.7
01155;;
01157;5.24;1.38
01158;11.03;3.99
01159;7.47;3.1
01160;8.76;1.82
01163;8.99;3.64
01165;4.65;
01166;4.36;
01167;6.35;
01170;6.72;
01173;10.06;3.23
01175;7.57;4.32
01179;4.93;
01180;6.52;2.65
01181;4.65;
01183;8.98;4.11
01184;9.18;3.59
01185;14.26;7.44
01187;12.33;7.64
01189;13.91;6.31
01191;11.7;
01192;7.17;3.46
01194;4.56;0.83
01195;7.42;3.65
01196;8.65;4.7
01197;5.91;
01198;;
01199;9.05;3.58
01202;9.77;3.73
01203;4.58;
01204;8.72;2.98
01209;12.86;7.09
01210;12.26;5.65
01211;6.89;3.08
01212;13.37;5.23
01213;5.91;1.97
01216;11.86;6.32
01224;6.88;2.5
01227;8.64;5.5
01228;12.03;5.7
01229;9.39;4.7
01230;7.98;
01231;6.67;2.92
01232;8.7;3.24
01234;;
01235;6.18;
01236;11.8;5.2
01237;8.15;4.47
01238;3.73;
01241;8.04;3.15
01243;6.22;2.95
01244;7.74;2.53
01246;7.0;2.69
01247;10.3;3.77
01248;4.48;1.17
01249;7.68;1.74
01250;4.53;
01254;4.39;1.31
01255;11.83;5.92
01258;4.6;
01259;4.53;
01260;;0.0
01261;7.3;
01262;6.41;1.55
01263;6.22;1.47
01264;4.93;
01265;11.06;5.53
01266;9.19;3.2
01267;9.48;6.77
01269;21.01;11.73
01272;12.43;7.33
01273;10.04;3.46
01274;15.94;7.17
01275;6.81;2.3
01281;7.2;2.01
01282;15.11;
01283;15.52;8.62
01284;6.79;
01288;10.12;4.92
01289;7.04;2.08
01290;8.4;2.9
01291;6.44;
01294;15.49;9.73
01296;9.84;
01297;5.06;
01299;6.88;
01301;8.0;3.41
01303;11.94;6.3
01304;12.46;5.1
01305;15.72;7.7
01306;11.02;3.17
01307;8.48;4.24
01308;7.53;2.97
01313;7.49;1.09
01314;7.79;2.75
01318;6.42;
01320;6.3;3.12
01321;7.81;4.43
01322;7.32;1.31
01323;7.23;2.89
01325;3.88;
01328;12.11;5.88
01329;15.44;
01332;4.79;
01333;5.99;1.72
01334;6.81;
01336;7.07;3.25
01337;7.8;
01338;7.85;3.79
01339;4.62;
01343;6.11;2.12
01344;6.3;1.86
01345;8.38;2.96
01346;7.05;
01347;4.97;
01348;8.47;3.28
01350;6.98;3.26
01351;5.32;1.67
01353;5.25;
01354;6.37;1.11
01355;8.02;
01357;14.18;
01360;10.67;4.6
01361;6.0;1.32
01362;5.29;
01363;9.77;4.61
01364;10.16;4.95
01365;4.88;2.15
01366;3.91;
01367;11.26;5.9
01368;6.4;
01369;4.13;
01370;15.59;4.63
01371;5.93;3.06
01373;10.52;5.56
01374;9.43;4.31
01375;6.4;
01376;5.74;1.28
01378;6.2;2.28
01379;9.84;4.1
01380;14.21;8.95
01381;7.67;3.17
01383;7.82;3.0
01384;17.14;8.69
01385;6.22;
01386;6.91;2.87
01388;13.53;6.77
01389;7.01;2.88
01390;6.81;
01391;12.37;
01392;6.29;
01396;13.43;6.4
01397;6.4;
01398;7.37;
01399;10.37;4.5
01401;7.25;
01402;11.26;6.7
01403;10.16;5.25
01405;5.38;
01407;16.83;7.19
01408;10.96;5.61
01412;9.02;
01415;9.67;5.58
01416;25.34;18.08
01418;4.65;2.42
01419;5.74;1.19
01420;9.6;2.25
01421;11.17;4.96
01422;8.4;4.12
01423;2.65;
01424;4.58;2.02
01426;9.09;3.19
01427;7.43;1.73
01429;6.86;
01430;6.8;
01431;10.33;3.76
01432;10.67;
01434;11.23;
01435;6.55;3.16
01441;12.15;7.17
01443;6.36;1.25
01444;12.26;6.43
01445;8.99;
01446;4.8;1.65
01447;12.69;5.51
01449;6.27;3.0
01450;6.71;2.38
01451;8.19;3.51
01452;15.15;6.7
01453;10.97;6.54
01454;8.18;3.77
01457;8.66;2.35
02003;10.39;4.11
02011;7.8;3.12
02018;8.62;2.72
02028;6.4;1.46
02031;14.59;9.02
02037;6.39;2.99
02040;;
02048;;
02053;12.53;8.45
02056;13.58;
02057;10.6;4.77
02058;5.48;
02059;13.58;6.74
02064;6.45;2.68
02065;10.86;5.62
02071;5.57;
02073;11.76;6.62
02075;;
02084;14.18;
02085;6.18;3.09
02091;;
02093;10.79;4.05
02095;16.77;8.18
02101;14.61;
02103;8.76;2.86
02104;;
02106;10.16;3.61
02110;9.39;3.94
02114;8.33;4.48
02118;;
02119;15.79;8.77
02122;;
02125;;
02126;14.17;7.08
02128;9.09;2.17
02129;;0.0
02131;6.08;3.16
02134;6.65;
02135;11.52;5.76
02136;;
02141;13.65;7.35
02146;;
02153;7.65;
02157;7.81;4.5
02158;;
02163;11.94;6.06
02165;8.58;3.22
02168;12.49;4.96
02173;12.07;4.48
02184;10.29;
02186;13.73;6.72
02187;8.41;3.22
02190;;
02191;;
02195;7.34;4.56
02199;12.24;4.49
02203;10.53;5.44
02204;;
02207;;
02209;16.76;9.09
02212;6.82;
02213;8.93;
02215;6.19;
02217;10.61;5.66
02218;8.01;
02219;;
02222;;
02226;7.72;2.7
02228;8.84;
02229;;
02231;5.15;
02237;12.25;5.03
02238;8.16;3.68
02239;10.47;4.06
02241;19.3;
02243;7.73;1.7
02245;9.49;2.53
02256;;
02260;10.04;4.42
02262;;0.0
02264;18.78;10.05
02274;17.78;
02275;12.8;
02280;;
02281;11.36;
02282;6.15;
02284;18.99;
02287;7.51;
02289;8.17;
02290;9.34;3.45
02292;6.91;
02295;12.38;6.31
02296;8.68;2.89
02298;9.25;3.9
02299;5.88;
02304;24.04;11.57
02305;14.27;6.94
02307;11.6;5.05
02309;10.51;
02312;11.16;4.38
02315;7.93;3.17
02316;;
02318;9.27;4.41
02321;10.26;4.74
02331;15.71;
02334;9.26;4.54
02338;15.25;
02340;6.11;1.36
02341;11.63;
02342;16.22;
02343;0.0;0.0
02346;10.0;
02351;;
02352;11.85;5.56
02355;2.81;
02356;;
02357;;
02359;5.15;
02360;8.22;4.11
02361;22.75;6.27
02364;;
02371;8.55;3.39
02374;7.74;
02378;;
02379;12.5;
02381;17.47;7.32
02382;5.71;2.24
02383;5.23;
02387;4.2;
02388;11.11;
02397;10.42;5.01
02403;14.19;
02404;;
02407;;
02408;13.52;5.03
02412;;
02414;13.04;
02420;9.35;5.67
02423;11.06;5.53
02424;;
02430;11.69;6.65
02439;9.18;2.99
02441;;
02457;11.86;
02468;17.31;7.24
02470;13.86;
02477;6.83;
02478;;
02487;5.2;
02488;15.0;
02489;;0.0
02492;5.88;
02495;8.35;3.48
02497;5.73;
02502;15.45;8.85
02503;11.2;4.2
02504;8.25;2.22
02506;;
02510;18.07;
02514;6.48;
02517;11.59;
02523;;
02525;6.23;
02532;6.75;
02534;;
02539;9.27;5.63
02540;4.95;2.27
02543;12.57;5.63
02544;9.17;
02553;16.81;
02554;7.8;3.7
02555;11.27;3.44
02558;12.41;4.43
02559;11.65;5.62
02564;4.69;
02568;;
02569;13.09;6.28
02571;9.03;
02574;13.81;4.65
02575;12.85;6.96
02580;12.88;5.83
02584;;0.0
02587;;
02593;4.66;
02602;8.16;3.02
02605;;
02610;8.0;3.38
02615;;
02617;8.92;
02618;9.06;4.53
02619;14.77;
02624;13.58;
02633;;
02648;11.15;4.56
02651;;
02653;10.67;4.35
02666;14.96;7.37
02668;11.95;5.75
02676;9.77;3.61
02680;8.86;3.5
02684;13.08;4.98
02688;;
02689;;
02691;14.61;5.19
02694;11.42;5.91
02706;8.27;
02708;11.5;
02709;9.64;
02710;4.67;
02714;10.39;
02719;8.63;3.39
02720;12.6;5.9
02722;13.05;4.83
02723;;
02729;;
02730;;
02738;9.72;3.35
02743;;
02749;;
02753;11.04;
02754;;
02755;7.76;
02758;10.0;3.51
02761;;
02765;;
02769;10.54;5.98
02773;;
02780;6.44;3.1
02784;;
02785;9.16;3.98
02788;12.0;
02789;19.37;9.74
02790;;
02793;;
02795;8.14;3.49
02799;13.14;
02805;9.27;2.21
02809;;
02810;11.74;4.97
02814;;
02818;12.41;5.06
02820;6.91;2.96
02821;5.02;
02823;;
02828;;0.0
02829;;
02830;11.69;4.68
03001;8.53;3.1
03002;9.2;
03003;20.03;12.55
03005;24.52;12.5
03006;21.02;13.78
03012;8.99;
03013;6.07;2.0
03015;8.67;
03016;13.1;
03018;11.05;5.52
03019;10.85;6.06
03022;17.88;10.16
03023;7.69;2.69
03024;18.93;8.25
03025;10.48;4.37
03026;12.75;6.75
03031;17.93;
03036;15.06;8.99
03039;14.16;
03043;10.7;5.35
03044;11.22;6.05
03045;15.53;9.43
03046;19.33;12.58
03048;20.56;12.74
03052;13.08;6.73
03053;14.39;6.83
03055;16.33;10.16
03060;4.85;
03063;10.67;6.32
03065;13.83;8.36
03066;17.38;10.48
03069;19.68;10.64
03071;14.93;7.96
03072;16.73;
03073;8.22;
03074;11.53;5.9
03077;25.0;
03080;10.06;5.62
03082;19.27;11.31
03084;14.85;7.59
03086;12.78;
03087;17.46;9.75
03090;14.37;
03092;12.56;8.37
03093;5.74;1.91
03094;7.28;3.64
03095;11.14;4.34
03096;;
03098;13.19;6.49
03100;14.55;8.73
03101;11.62;4.93
03102;14.15;6.79
03103;20.42;14.71
03104;15.54;8.06
03106;13.11;9.39
03107;17.05;9.49
03108;23.25;15.87
03109;14.47;6.58
03110;7.39;3.7
03111;10.21;3.46
03113;19.14;11.48
03114;14.39;
03117;17.61;10.96
03118;13.5;6.39
03119;16.54;8.85
03120;12.67;8.09
03122;17.88;10.6
03126;8.71;3.35
03127;19.05;10.35
03128;13.24;6.55
03130;18.33;13.15
03132;17.45;10.42
03134;23.97;14.88
03135;17.11;12.17
03138;16.29;8.2
03139;31.39;23.6
03140;11.29;5.44
03146;;
03147;15.71;
03149;11.54;6.41
03151;15.71;
03152;16.67;8.57
03155;17.62;10.75
03156;9.57;4.6
03158;16.84;13.18
03159;11.9;5.57
03161;20.96;12.96
03165;17.65;11.21
03168;17.08;8.62
03169;13.53;
03173;13.28;6.89
03174;12.79;5.33
03179;18.14;13.27
03180;7.54;
03183;21.65;12.99
03185;20.97;10.67
03186;17.87;9.59
03189;16.09;10.18
03190;16.61;7.76
03191;20.33;12.09
03195;17.44;10.83
03197;9.07;5.65
03200;7.98;3.66
03201;15.05;
03202;15.88;7.63
03203;14.84;8.2
03204;7.52;
03206;28.82;15.88
03207;12.91;5.96
03208;14.75;6.45
03211;9.53;5.23
03212;8.77;3.82
03214;20.25;
03217;5.23;
03219;21.23;13.01
03220;12.66;8.68
03221;14.85;8.77
03225;22.26;12.17
03229;11.01;6.29
03232;;
03234;17.34;10.89
03235;17.45;7.84
03236;11.09;4.48
03238;19.94;12.08
03240;18.67;10.49
03241;18.81;8.72
03246;13.86;7.26
03247;8.2;4.54
03251;18.09;12.29
03252;7.36;
03253;17.39;7.25
03254;16.11;8.1
03258;6.04;1.57
03260;26.28;13.87
03262;7.87;3.19
03263;15.79;
03264;10.96;5.44
03265;16.27;7.66
03266;12.5;
03275;23.62;15.84
03276;19.13;
03279;19.64;14.8
03281;18.25;9.49
03283;10.71;6.29
03285;16.94;
03286;8.82;3.63
03287;18.52;12.76
03292;18.81;13.63
03293;20.0;14.0
03297;22.43;14.95
03298;14.39;6.31
03301;10.72;6.47
03306;6.64;2.7
03308;19.3;
03309;18.21;10.05
03310;17.49;7.15
03313;15.12;8.72
03314;5.89;3.76
03315;15.81;9.27
03320;14.31;8.47
03321;9.06;3.33
04001;8.82;3.68
04004;12.07;6.13
04006;8.06;1.73
04008;12.71;6.63
04009;;
04013;8.59;4.81
04017;11.85;
04018;15.5;9.56
04019;11.78;5.13
04020;19.49;
04022;15.49;9.73
04023;14.0;6.8
04025;9.78;3.8
04027;;
04031;11.32;5.9
04033;10.27;4.98
04034;10.55;4.87
04036;10.94;5.28
04039;19.16;11.66
04041;10.47;
04045;11.72;5.24
04046;11.46;5.41
04047;9.02;4.51
04049;11.88;5.04
04053;10.44;
04061;9.29;5.12
04062;9.89;5.13
04063;11.11;4.8
04065;8.89;2.63
04068;7.53;2.32
04069;16.53;
04070;14.1;6.61
04074;15.31;
04075;7.96;
04076;19.79;12.3
04079;8.35;3.54
04081;9.74;4.62
04088;9.99;4.4
04091;37.31;0.0
04094;11.37;4.14
04096;8.19;3.14
04097;19.59;11.15
04101;8.33;
04102;20.37;13.89
04106;13.6;6.23
04107;;
04108;11.8;5.57
04110;10.47;4.54
04111;9.81;4.12
04112;12.09;4.08
04116;14.81;8.17
04121;18.39;11.66
04123;11.25;6.41
04127;7.78;
04134;17.48;11.65
04135;12.06;6.8
04141;9.45;5.21
04143;9.54;3.21
04144;11.97;6.12
04145;8.94;5.17
04148;13.98;7.29
04149;12.57;6.73
04150;12.63;
04152;6.91;2.27
04155;15.74;7.54
04156;13.49;7.44
04158;10.23;4.63
04160;11.53;5.63
04161;13.82;5.92
04162;12.39;
04163;11.47;6.84
04166;17.47;9.71
04173;12.46;6.46
04178;13.84;8.34
04188;6.88;2.58
04189;12.96;5.67
04190;26.32;
04192;8.91;4.11
04193;12.63;7.32
04195;7.15;3.49
04197;9.91;3.79
04199;12.44;6.74
04200;7.84;
04201;;
04203;9.76;4.94
04205;13.41;6.58
04208;13.82;9.54
04209;15.33;7.02
04216;10.3;
04217;11.51;4.48
04218;11.42;6.29
04219;13.83;9.02
04226;6.15;1.76
04230;13.65;6.43
04237;10.1;5.39
04240;8.9;3.49
04241;9.57;
04242;7.17;2.72
04244;14.93;7.09
04245;8.54;2.94
05001;10.06;3.82
05003;9.59;4.7
05004;6.88;2.74
05006;8.57;4.83
05007;9.4;4.64
05008;14.86;6.76
05010;11.58;7.23
05012;6.9;3.45
05013;8.87;
05014;13.54;5.73
05016;9.14;
05017;6.97;2.56
05023;8.71;2.68
05024;12.96;8.52
05025;11.68;
05026;8.71;4.35
05029;7.45;2.98
05035;;
05036;8.6;3.67
05038;15.19;7.81
05039;10.7;6.65
05040;10.44;5.25
05045;8.06;2.99
05046;8.3;2.83
05050;13.7;5.54
05052;8.99;4.5
05053;8.19;4.22
05055;13.76;8.39
05056;7.24;
05058;13.36;7.88
05061;8.89;2.9
05063;10.16;4.6
05064;12.5;5.36
05065;9.87;5.18
05070;12.93;5.55
05077;7.32;3.09
05078;16.76;
05079;6.58;2.95
05082;12.39;
05085;5.82;0.91
05093;7.04;3.0
05096;7.94;2.41
05097;9.3;4.39
05098;5.72;1.23
05101;8.63;4.07
05103;13.12;6.88
05110;5.36;1.11
05114;10.81;2.2
05115;15.53;9.01
05118;14.52;6.92
05119;6.32;1.36
05122;7.18;3.5
05123;7.43;2.89
05126;15.31;9.18
05128;13.74;8.5
05132;9.56;4.06
05133;6.41;1.96
05134;11.52;6.32
05136;9.32;3.85
05139;7.1;1.94
05140;14.22;7.11
05142;8.5;4.59
05145;10.35;4.01
05153;6.32;2.22
05154;;
05156;6.32;
05157;10.75;4.73
05159;14.46;
05161;5.13;1.42
05162;11.06;5.37
05164;7.69;2.62
05165;12.43;
05166;15.4;8.48
05168;8.26;3.67
05170;10.31;4.53
05173;12.42;7.58
05174;11.01;4.48
05177;7.1;2.12
05178;9.4;5.7
05179;11.02;4.88
05180;7.17;4.04
05181;8.36;
06002;;
06003;14.1;6.47
06004;8.16;1.66
06005;16.18;9.96
06006;7.21;2.66
06007;5.86;1.25
06008;;
06009;18.92;
06010;8.61;3.37
06011;8.34;3.22
06012;12.66;4.65
06013;16.33;8.29
06014;11.05;4.26
06015;9.31;3.75
06016;9.68;4.75
06017;15.73;
06018;7.14;1.74
06019;9.71;4.61
06020;13.12;8.8
06021;10.24;4.76
06022;11.27;4.41
06023;17.37;11.31
06024;12.98;8.42
06025;9.64;5.4
06027;7.88;1.73
06028;10.22;3.81
06029;8.71;1.96
06030;8.01;1.54
06031;8.54;2.8
06032;10.59;4.06
06033;5.99;1.52
06034;7.15;2.84
06035;11.84;5.57
06036;8.72;
06038;6.74;2.18
06039;10.64;5.32
06040;13.75;
06041;11.73;5.25
06042;13.82;6.74
06044;6.93;2.43
06045;23.68;
06046;5.73;2.34
06047;17.95;
06048;6.91;2.48
06050;9.0;3.86
06052;16.07;
06054;6.54;2.62
06056;6.13;
06057;13.7;6.99
06058;9.43;3.71
06059;8.44;4.05
06060;6.08;1.96
06062;22.39;14.23
06063;10.28;
06064;5.87;2.45
06065;4.93;1.47
06066;15.43;7.99
06067;8.68;4.72
06069;10.09;3.37
06070;12.38;4.88
06071;11.66;5.83
06072;15.38;
06073;7.35;3.0
06074;19.12;11.83
06075;8.33;3.29
06076;;
06077;15.84;8.91
06079;6.97;0.89
06081;12.02;
06082;15.79;
06083;8.81;2.19
06084;6.56;1.78
06085;6.89;1.32
06086;17.87;9.9
06088;9.29;2.54
06089;5.35;2.31
06090;5.9;1.38
06091;14.74;7.82
06092;10.49;4.51
06094;8.13;3.25
06095;7.15;1.69
06098;13.73;
06099;15.43;7.33
06102;14.17;
06103;16.57;8.77
06104;9.24;2.84
06105;5.08;1.21
06106;15.05;8.5
06108;6.68;2.25
06109;12.98;6.6
06110;10.54;5.14
06112;6.53;1.66
06113;8.78;3.76
06114;8.41;2.09
06116;9.7;6.02
06117;6.16;3.49
06118;16.51;12.39
06120;9.49;4.67
06121;11.23;6.65
06122;5.19;1.69
06123;7.08;1.42
06124;;
06126;6.73;2.28
06127;13.66;7.45
06128;7.58;2.69
06129;21.78;11.55
06130;7.73;1.83
06131;;
06132;15.29;8.24
06133;13.0;
06134;12.88;5.3
06135;11.44;6.27
06136;12.77;6.97
06137;7.43;3.02
06138;7.45;2.1
06140;5.31;0.95
06141;16.17;9.88
06143;12.89;4.64
06144;11.7;7.12
06147;6.52;2.36
06148;6.43;1.4
06149;6.83;2.06
06150;9.54;4.19
06151;14.43;10.64
06152;7.71;2.35
06153;11.14;5.97
06154;8.52;5.19
06155;8.85;2.2
06156;15.96;7.45
06157;7.99;2.31
06158;14.45;6.84
06159;10.21;3.45
06160;12.12;
06161;6.99;1.29
06162;19.93;12.62
06163;22.19;13.24
07002;7.25;3.63
07005;9.7;4.64
07006;16.59;11.06
07007;12.1;5.32
07008;8.24;4.97
07009;10.48;4.31
07010;16.73;8.21
07011;15.71;8.68
07012;17.33;9.66
07013;7.53;4.52
07014;12.62;8.52
07015;11.2;4.4
07017;10.35;5.89
07019;17.11;6.85
07022;9.34;4.75
07024;9.65;3.95
07026;22.92;13.54
07027;9.76;4.51
07028;8.06;3.79
07029;13.99;9.9
07031;13.34;6.29
07032;14.81;
07035;14.29;8.23
07037;14.89;9.79
07041;10.43;4.51
07042;12.87;5.21
07045;18.26;11.16
07048;14.71;9.01
07050;6.96;1.87
07051;9.43;4.04
07052;10.26;5.13
07053;11.11;5.9
07054;16.33;9.39
07055;7.01;2.1
07056;9.49;5.13
07058;12.41;7.28
07063;7.54;
07064;20.82;11.83
07066;8.5;2.72
07068;16.62;7.53
07069;11.82;7.57
07070;6.06;2.39
07071;10.05;5.18
07072;10.83;4.02
07073;14.36;8.97
07075;14.29;
07076;12.05;6.18
07078;8.23;2.09
07079;12.66;7.28
07080;12.81;6.54
07084;6.05;2.73
07085;13.89;6.94
07086;7.74;5.02
07089;5.69;2.14
07090;10.76;3.14
07095;11.83;8.28
07096;13.15;5.63
07100;11.39;6.54
07101;10.8;5.8
07102;6.44;1.29
07107;14.96;9.46
07109;11.91;4.7
07110;15.09;6.06
07116;18.25;9.07
07117;9.87;3.71
07126;11.24;7.15
07127;18.25;9.2
07128;20.36;12.1
07129;19.84;11.86
07130;21.8;11.42
07131;13.49;6.91
07132;20.92;12.03
07133;22.92;
07134;9.49;6.01
07138;7.85;3.8
07140;5.83;
07143;11.75;5.07
07145;8.75;4.88
07149;18.55;10.55
07150;15.93;11.71
07152;8.27;3.37
07153;21.2;13.13
07155;8.65;4.46
07156;14.98;6.96
07157;11.67;4.73
07159;7.35;
07161;16.71;10.81
07165;18.57;10.83
07166;14.12;5.88
07167;12.65;7.25
07168;10.52;4.95
07169;11.58;5.79
07170;11.79;7.22
07172;5.35;1.75
07174;11.03;
07178;14.63;7.64
07179;13.89;
07181;11.25;4.41
07182;12.45;7.44
07183;7.67;4.66
07185;12.38;7.24
07186;17.0;7.32
07188;9.54;6.17
07189;7.92;
07191;8.72;3.74
07192;16.29;9.9
07194;11.91;6.86
07196;11.07;5.93
07197;7.46;2.41
07198;9.96;5.16
07199;11.76;7.46
07201;11.53;4.6
07204;16.65;8.3
07205;7.71;4.29
07207;8.56;3.52
07210;14.9;8.58
07212;14.0;
07216;11.86;7.73
07217;10.83;6.37
07218;13.64;8.12
07219;12.21;
07224;20.43;12.63
07227;5.53;2.61
07228;10.49;4.07
07229;10.87;4.94
07230;13.53;6.93
07231;8.94;4.44
07232;16.11;9.72
07235;18.5;9.69
07236;14.4;9.0
07237;12.88;7.2
07240;6.75;2.34
07245;7.72;2.33
07247;12.62;7.62
07250;14.62;8.7
07251;17.12;
07253;13.27;7.52
07254;8.85;4.63
07255;7.03;2.52
07259;12.4;5.4
07261;9.99;4.23
07262;22.46;16.1
07264;9.77;4.1
07265;10.33;6.39
07267;18.89;11.39
07268;6.67;1.78
07269;25.35;14.4
07279;9.77;6.09
07280;16.96;8.42
07281;6.06;1.75
07282;14.8;9.67
07284;12.55;6.27
07286;13.4;6.7
07288;5.8;2.19
07289;9.95;4.11
07290;15.27;8.87
07291;13.34;7.75
07293;8.23;4.12
07295;18.92;12.43
07296;6.46;3.01
07298;5.12;
07301;9.91;6.04
07302;7.82;4.89
07304;12.97;2.51
07306;7.73;
07308;10.96;3.54
07309;13.25;6.21
07313;16.94;7.87
07315;12.77;8.51
07316;5.32;1.33
07317;4.92;
07319;17.94;7.94
07322;16.42;8.81
07323;8.23;3.81
07324;10.58;3.4
07325;11.76;4.13
07327;14.24;8.68
07329;15.14;9.18
07330;15.5;9.11
07331;18.0;9.17
07333;11.49;7.34
07334;13.17;5.88
07337;6.08;2.46
07338;16.12;8.88
07339;9.29;4.93
07340;8.02;3.38
07341;11.16;5.31
07342;11.63;5.81
07343;12.56;5.71
07345;8.08;3.49
07346;17.24;10.72
07347;11.45;5.59
07348;12.4;5.33
07349;12.94;4.62
08001;7.84;
08003;6.63;2.38
08008;10.35;4.9
08011;12.21;
08024;8.38;3.59
08025;17.18;8.33
08028;9.63;3.7
08036;15.91;
08037;13.15;5.46
08040;8.12;
08043;14.25;4.58
08049;22.97;
08053;11.17;4.48
08057;16.07;
08058;;
08062;15.07;
08067;11.95;4.43
08076;12.9;4.95
08081;14.3;5.69
08083;11.92;
08084;15.15;
08089;17.21;9.77
08090;15.4;7.02
08096;4.55;
08097;7.79;
08104;;
08105;14.02;4.95
08107;10.46;5.66
08111;6.73;
08113;18.73;13.11
08116;14.54;7.71
08122;13.49;5.78
08125;8.84;
08137;;
08139;17.65;8.43
08142;8.77;4.05
08145;10.37;5.07
08149;17.65;
08156;13.14;6.78
08173;8.76;3.32
08174;9.71;5.38
08180;4.67;1.81
08183;12.65;6.63
08185;18.98;10.34
08187;12.34;
08188;10.29;5.14
08190;16.79;9.45
08191;6.9;2.53
08194;9.68;6.45
08198;21.69;11.75
08199;11.6;5.25
08211;16.71;12.26
08218;22.94;13.47
08222;10.44;4.9
08223;;
08237;8.12;
08239;7.26;3.72
08242;17.46;11.51
08248;10.62;5.82
08254;10.81;6.56
08262;10.96;6.51
08263;6.05;3.02
08264;14.88;7.91
08275;13.45;
08276;17.95;10.54
08282;16.93;7.97
08284;9.75;4.08
08301;;
08302;12.31;5.77
08303;13.0;7.0
08311;14.9;7.5
08316;9.67;4.06
08327;4.94;2.52
08328;14.41;7.0
08330;7.52;
08331;8.98;
08341;11.84;6.58
08343;10.72;5.18
08346;7.38;3.23
08354;18.99;10.89
08355;15.74;
08357;15.35;9.65
08361;8.31;3.03
08362;13.15;6.3
08363;16.92;8.39
08365;14.26;7.29
08366;18.33;11.67
08367;13.77;6.56
08370;13.2;6.0
08381;9.19;5.29
08385;8.1;2.84
08388;7.65;
08397;;
08399;15.91;
08403;6.01;1.9
08409;23.27;13.32
08419;14.69;6.97
08420;14.46;8.43
08429;7.56;
08431;;
08435;7.44;3.97
08448;13.2;6.83
08453;;
08457;7.35;3.68
08465;;
08469;15.42;9.09
08480;9.18;3.76
08483;;
08486;18.76;9.57
08487;13.79;7.82
08488;12.1;5.38
08490;16.96;9.0
08491;12.46;6.29
08497;10.49;4.58
08500;;
09003;13.09;6.18
09009;14.47;
09015;8.35;4.51
09024;11.56;
09029;11.79;5.66
09030;10.38;5.56
09032;8.52;3.53
09042;13.64;6.27
09043;15.99;5.67
09047;13.79;7.82
09054;10.85;
09061;13.1;5.88
09062;15.23;8.88
09066;8.82;4.09
09070;10.27;4.79
09078;;
09079;12.62;8.18
09082;15.04;7.24
09085;15.74;9.57
09105;12.6;6.3
09106;8.08;
09107;10.57;5.52
09113;13.46;7.2
09121;6.55;
09122;12.33;4.76
09124;12.24;6.21
09125;13.02;6.77
09130;9.28;4.06
09137;;
09139;;
09149;14.4;5.84
09157;10.66;4.61
09160;12.82;5.57
09161;13.92;5.78
09167;11.62;4.63
09175;;0.0
09176;10.45;7.16
09181;14.11;7.92
09182;16.92;6.36
09185;9.86;3.94
09188;8.17;3.1
09189;12.81;6.61
09192;7.34;
09193;;
09194;12.93;6.12
09202;12.12;5.56
09206;9.86;5.03
09209;9.42;4.56
09210;7.01;
09213;13.79;
09214;12.86;7.41
09217;13.19;
09218;;
09219;14.56;
09220;;
09221;13.33;
09223;10.2;4.92
09224;14.09;5.5
09225;13.32;5.25
09226;;
09232;11.18;
09235;12.96;6.93
09239;9.18;
09240;10.26;
09243;;
09244;10.73;3.95
09245;7.23;2.12
09246;10.33;5.16
09252;10.24;
09257;10.67;5.56
09258;;
09261;17.83;8.44
09262;6.7;
09264;8.29;3.74
09265;6.86;1.79
09268;12.52;5.08
09272;8.57;3.07
09277;12.15;5.82
09280;12.28;6.25
09282;11.22;4.53
09283;7.94;3.24
09285;17.81;6.73
09289;7.99;2.85
09293;12.2;6.53
09295;10.96;
09298;14.19;
09299;6.54;3.49
09305;;
09306;15.68;8.45
09310;;
09312;6.47;1.29
09322;9.33;4.56
09324;9.36;3.76
09330;;
09334;7.3;3.84
09336;9.64;3.38
09339;6.58;
10002;10.09;
10003;11.04;5.19
10006;13.44;5.8
10011;20.0;11.88
10015;;
10018;11.54;8.33
10022;25.0;
10029;17.8;
10030;8.48;4.34
10033;21.99;12.5
10034;17.42;8.62
10035;12.99;6.5
10037;11.57;
10040;19.2;9.6
10045;19.19;
10047;;
10051;6.28;3.36
10057;;
10060;9.24;3.08
10061;15.23;7.28
10063;9.85;
10064;15.54;7.9
10067;6.81;2.48
10070;17.1;9.68
10074;8.26;
10078;;
10080;22.88;15.31
10081;11.22;3.85
10084;7.88;2.49
10085;;
10089;9.12;4.39
10090;14.06;
10094;18.37;11.9
10095;16.9;8.45
10100;10.22;5.02
10104;10.87;
10105;;0.0
10106;;
10110;;
10111;24.07;
10114;13.79;6.03
10115;5.79;2.9
10122;9.76;
10123;11.27;5.81
10126;15.71;
10129;8.57;
10134;;
10135;;
10137;;
10140;22.34;13.48
10141;19.3;12.09
10142;11.66;5.41
10143;17.78;
10147;;
10148;16.02;9.22
10151;11.94;5.31
10154;;
10160;;
10164;13.75;4.38
10165;11.06;
10169;10.95;
10173;;
10177;;
10179;7.21;
10191;6.99;
10193;17.55;10.64
10198;;
10202;30.25;19.33
10203;15.28;
10206;;
10209;7.72;3.69
10216;14.5;6.28
10220;11.32;6.23
10223;12.68;
10224;7.95;4.28
10232;19.35;9.22
10233;10.05;3.95
10234;;
10238;10.98;
10239;;
10240;9.22;
10248;16.59;7.58
10252;;
10257;;
10258;12.93;
10261;29.21;19.93
10264;24.71;
10265;5.94;1.81
10266;;
10268;16.83;7.83
10271;9.25;5.34
10273;;
10274;14.47;
10275;11.52;7.0
10280;9.22;2.6
10282;9.41;4.46
10287;11.98;6.9
10289;12.74;7.34
10291;12.62;
10295;10.58;
10297;8.78;2.99
10298;10.79;5.17
10307;;
10309;17.14;
10312;18.27;
10313;19.7;11.62
10314;11.46;
10317;22.61;15.92
10321;4.67;
10323;15.29;6.12
10324;;
10325;6.14;1.23
10329;7.22;
10332;6.76;
10333;9.99;2.96
10334;14.23;7.32
10335;23.61;12.5
10338;;
10340;6.24;2.29
10343;7.92;2.12
10344;5.77;
10345;8.99;
10349;5.61;2.18
10351;12.77;
10352;6.26;2.26
10353;5.61;
10357;7.31;2.54
10358;10.77;4.76
10359;15.2;7.2
10360;4.05;
10362;12.6;4.06
10366;;
10367;10.86;6.39
10369;27.93;
10372;10.73;
10381;6.71;
10382;12.8;4.8
10386;16.67;
10387;17.65;7.14
10395;18.97;8.62
10399;8.6;4.3
10401;17.06;7.85
10402;10.66;
10404;15.84;
10405;;
10406;5.5;2.63
10410;13.27;
10414;17.33;
10419;7.85;
10420;14.27;7.91
10423;12.38;5.94
10426;15.08;7.69
10430;22.64;
10432;;
10434;;0.0
10435;;
10437;14.71;7.35
10439;13.54;
10441;9.22;
10443;;
11002;9.32;
11005;9.42;4.63
11008;19.84;10.97
11009;13.8;6.59
11010;16.29;8.6
11012;10.45;4.4
11013;8.71;
11014;8.74;4.62
11015;12.22;
11018;10.32;6.01
11021;22.58;13.98
11022;14.84;8.29
11023;14.32;5.31
11027;12.03;5.76
11028;11.09;7.01
11033;13.8;7.4
11034;14.14;6.03
11036;12.3;7.38
11037;7.9;3.16
11038;18.75;
11040;14.09;7.47
11041;10.1;4.34
11049;10.3;3.62
11057;0.0;0.0
11063;14.85;6.19
11064;9.32;
11067;12.62;5.92
11068;13.42;5.92
11069;13.54;5.06
11075;9.21;
11076;15.82;6.78
11081;14.98;6.8
11084;11.81;5.91
11085;8.77;3.51
11086;8.89;2.42
11088;7.54;
11091;20.73;12.12
11099;10.31;4.65
11103;15.4;6.97
11106;10.08;3.63
11108;;
11114;;
11115;10.95;5.48
11116;11.46;4.35
11119;12.83;6.95
11120;7.72;
11124;16.09;9.37
11126;16.51;11.21
11127;8.7;
11129;13.2;5.49
11130;18.12;10.87
11131;11.74;5.87
11132;13.2;7.37
11135;;0.0
11136;12.38;5.94
11138;10.26;4.64
11140;10.54;4.77
11144;11.41;3.55
11145;5.66;1.72
11146;13.95;6.4
11149;;
11151;12.41;
11164;9.93;4.65
11170;6.52;1.53
11172;10.64;4.05
11178;9.87;3.82
11185;10.26;4.49
11188;10.57;5.56
11189;10.85;
11192;15.01;5.3
11194;14.56;
11196;18.8;
11197;9.12;3.46
11198;17.2;7.95
11199;5.63;2.18
11201;10.71;5.0
11202;6.47;1.61
11203;13.03;5.36
11206;15.87;6.76
11210;11.89;5.18
11215;5.62;
11217;9.72;4.21
11220;15.1;7.09
11222;22.5;12.5
11225;10.97;4.52
11226;;
11232;;
11245;;
11250;;
11251;17.5;10.17
11253;15.59;7.6
11254;14.45;6.83
11255;8.41;4.61
11257;12.98;
11259;7.16;3.07
11260;17.12;
11261;14.89;7.56
11262;10.65;3.47
11266;8.21;2.96
11267;14.23;6.17
11269;12.73;6.13
11272;5.07;1.39
11276;14.19;4.66
11279;8.48;2.98
11280;12.23;4.33
11281;11.69;4.92
11284;7.39;
11285;9.54;4.17
11286;15.98;8.49
11288;10.14;3.21
11291;;
11293;7.54;2.98
11295;12.01;5.11
11299;11.83;5.35
11301;13.02;5.39
11302;12.37;4.47
11304;16.36;8.26
11310;27.53;10.1
11313;9.36;
11315;15.42;7.19
11325;12.25;5.39
11330;6.32;
11336;14.08;7.47
11344;15.54;7.27
11353;9.72;3.41
11354;;0.0
11360;6.62;3.04
11361;13.37;7.0
11364;14.5;
11365;;
11366;13.32;6.79
11367;16.78;10.51
11369;8.62;3.46
11370;8.01;3.51
11371;13.16;8.31
11372;17.14;8.16
11377;;
11379;10.11;3.31
11381;;
11386;22.09;12.54
11393;20.0;12.53
11396;14.09;6.47
11397;11.06;4.65
11398;9.5;
11401;15.01;8.32
11404;7.33;3.56
11405;11.24;4.36
11407;16.34;9.41
11408;14.13;5.58
11416;9.09;
11418;11.13;5.96
11421;11.56;5.1
11425;9.06;3.37
11426;9.0;3.67
11429;6.42;1.5
11430;6.91;3.05
11433;13.04;5.78
11434;19.11;6.23
11436;14.16;8.85
11441;8.22;2.79
12002;9.71;4.4
12003;22.58;14.75
12004;13.75;9.17
12006;16.25;12.01
12008;12.39;6.86
12011;10.28;5.43
12012;13.33;7.82
12013;22.21;13.98
12018;10.6;
12021;13.96;8.87
12024;14.29;
12025;14.29;7.88
12026;12.66;8.02
12028;12.77;5.17
12029;18.13;9.89
12032;10.46;5.88
12033;9.82;5.0
12035;22.49;
12036;14.73;8.51
12037;15.59;10.68
12039;18.86;12.66
12043;9.52;4.55
12044;18.15;10.19
12046;13.45;6.72
12047;17.04;10.89
12048;14.94;4.57
12049;15.28;11.46
12051;14.67;9.0
12052;13.53;5.7
12054;10.26;5.56
12056;10.07;3.48
12057;14.91;8.79
12061;11.95;6.19
12063;15.6;6.38
12065;17.73;10.34
12068;16.78;10.84
12073;10.72;4.93
12077;18.99;14.14
12080;14.24;
12083;22.89;14.46
12084;6.84;2.83
12089;23.48;12.77
12090;7.97;4.3
12091;12.96;
12094;18.16;11.43
12095;24.07;
12096;15.62;7.81
12098;20.93;12.15
12100;14.88;8.84
12101;10.74;4.96
12102;10.68;5.3
12103;11.71;7.91
12105;11.08;6.5
12108;16.59;9.22
12110;13.56;8.81
12111;14.51;8.95
12115;10.92;4.8
12118;11.35;7.57
12119;17.48;8.91
12120;12.31;5.93
12121;12.02;5.36
12127;15.25;9.26
12130;17.42;9.88
12133;8.43;2.97
12134;14.08;8.25
12135;11.89;6.99
12136;13.82;7.85
12137;8.64;3.46
12138;16.31;9.57
12140;12.61;6.69
12141;17.54;11.11
12142;13.02;7.3
12145;14.56;5.56
12146;7.15;1.98
12147;19.78;12.09
12148;14.42;6.98
12150;14.71;8.73
12151;19.38;10.57
12155;14.33;8.48
12156;17.65;11.23
12157;10.8;4.81
12162;12.32;7.18
12164;28.59;17.13
12167;15.51;7.94
12168;12.55;6.84
12169;14.44;8.02
12170;10.76;5.9
12171;19.29;13.04
12172;13.88;7.76
12174;7.02;2.17
12176;8.78;2.19
12177;13.39;7.74
12185;13.17;8.74
12194;11.44;7.69
12197;17.81;10.9
12198;13.5;7.72
12199;12.93;5.97
12200;10.09;4.69
12202;12.83;3.21
12203;53.67;46.52
12206;10.26;4.69
12208;14.34;6.96
12209;22.07;11.37
12210;10.57;6.0
12213;11.7;6.87
12214;13.82;9.79
12215;15.7;10.01
12216;12.4;5.7
12218;14.09;8.17
12219;14.81;9.09
12220;7.41;
12223;16.53;11.34
12224;18.63;10.35
12225;8.96;2.54
12226;12.65;8.11
12231;15.81;10.97
12234;10.12;5.83
12237;16.69;11.4
12240;15.96;8.47
12241;6.32;2.97
12242;12.57;
12243;13.22;7.07
12244;12.16;6.24
12246;19.15;13.24
12248;21.77;10.89
12249;17.3;
12251;17.67;10.25
12253;10.84;5.78
12254;8.85;5.1
12255;16.1;10.93
12258;15.35;8.68
12262;15.85;9.33
12264;7.71;2.93
12265;15.69;10.77
12266;19.35;14.06
12268;18.72;12.05
12270;14.22;8.16
12273;14.75;
12276;10.44;5.22
12277;13.66;10.05
12280;14.7;10.24
12282;21.6;9.76
12283;15.96;10.42
12284;17.8;8.9
12286;12.5;5.97
12287;14.89;10.0
12288;10.5;6.59
12294;15.23;10.15
12296;12.04;7.55
12297;13.37;7.97
12298;13.29;8.16
12299;16.03;10.02
12300;20.56;11.64
12301;12.77;6.73
12303;16.03;8.44
12305;21.18;11.7
12307;13.5;7.5
13001;9.67;2.12
13002;6.33;1.88
13003;9.25;4.24
13004;11.17;4.06
13005;8.61;2.39
13006;9.24;3.76
13007;8.21;2.74
13010;9.33;3.05
13011;16.49;7.57
13013;7.53;3.16
13014;7.12;2.09
13015;5.45;1.27
13016;5.04;1.68
13017;7.43;2.4
13018;7.45;2.76
13019;6.34;2.47
13020;6.32;2.24
13021;6.58;1.7
13022;9.12;3.25
13023;8.1;2.79
13024;9.65;3.96
13025;5.13;1.4
13026;6.57;1.35
13027;8.68;3.12
13028;9.49;2.61
13030;7.58;3.34
13031;6.28;1.8
13032;7.06;1.72
13033;6.31;2.03
13034;12.38;5.91
13035;9.47;3.74
13036;7.83;2.36
13037;6.51;1.39
13038;9.05;4.26
13039;5.85;1.33
13040;7.04;2.13
13041;7.9;1.99
13042;6.86;1.92
13043;5.37;1.03
13044;7.34;2.65
13045;6.91;1.74
13046;6.24;1.45
13047;7.06;1.48
13048;8.98;4.67
13049;6.73;3.12
13050;7.63;1.94
13051;7.07;2.22
13052;7.32;2.79
13053;9.47;2.19
13054;7.0;1.35
13056;7.94;1.63
13057;7.32;
13058;8.85;2.9
13059;9.75;4.82
13060;6.11;1.61
13062;4.61;1.43
13063;6.53;1.55
13064;6.95;2.17
13065;10.56;3.41
13066;8.82;3.05
13067;10.98;5.22
13069;7.27;1.62
13070;8.11;3.42
13071;5.95;1.56
13072;6.49;2.8
13073;5.89;1.67
13074;7.38;2.92
13075;6.36;1.74
13076;7.64;3.32
13077;7.94;1.84
13078;14.17;7.29
13079;11.18;5.21
13080;7.54;2.64
13081;5.99;1.41
13082;9.19;4.35
13083;6.55;1.7
13084;7.21;2.55
13085;7.19;2.78
13086;7.83;2.59
13087;7.37;1.51
13088;7.8;2.56
13089;8.57;3.11
13091;7.09;2.36
13092;8.0;1.95
13094;10.74;3.47
13096;10.12;4.2
13097;8.02;2.91
13098;6.42;1.79
13099;13.59;4.01
13100;10.09;3.72
13101;7.05;2.63
13102;7.06;1.47
13103;9.29;2.35
13104;6.6;1.56
13105;8.32;2.83
13106;6.89;1.49
13107;5.59;1.77
13108;11.56;5.18
13109;7.06;2.2
13110;7.83;2.2
13111;5.69;2.47
13112;5.45;1.43
13113;5.38;0.71
13114;6.9;2.17
13115;6.9;3.12
13116;13.33;6.67
13117;5.74;0.91
13118;5.92;1.38
13119;7.7;2.96
13201;16.11;6.85
13202;16.73;7.09
13203;17.16;7.74
13204;10.56;3.2
13205;11.46;3.4
13206;12.46;4.07
13207;10.7;3.1
13208;9.09;2.43
13209;8.46;1.84
13210;9.18;2.22
13211;7.96;2.33
13212;7.46;1.63
13213;8.66;1.99
13214;12.52;4.89
13215;12.42;5.35
13216;11.13;4.44
14003;;
14005;5.56;2.85
14006;3.98;
14007;10.58;
14009;3.93;
14014;2.05;
14020;7.32;2.37
14021;6.24;
14022;7.5;2.2
14026;2.46;
14027;9.07;3.77
14030;4.08;
14035;11.62;4.78
14036;;
14039;10.12;3.37
14043;;
14044;4.6;0.0
14046;9.38;4.62
14047;11.05;3.94
14057;6.38;
14059;7.53;1.35
14060;4.45;1.63
14061;10.23;4.4
14066;6.09;1.34
14068;3.58;
14069;6.87;2.72
14076;5.2;0.88
14077;5.34;
14079;6.45;1.45
14083;11.42;3.73
14085;7.59;3.01
14092;7.23;2.22
14096;12.39;
14098;5.26;1.54
14100;7.15;2.16
14101;4.65;0.54
14110;;
14116;;
14117;6.41;1.52
14118;9.58;1.29
14119;5.89;
14120;6.06;
14123;3.43;
14124;9.48;4.28
14125;4.79;
14126;11.17;6.26
14134;;
14137;4.89;0.87
14143;9.5;4.16
14145;8.51;
14150;8.96;3.91
14160;;
14162;11.11;5.35
14165;28.01;
14166;4.59;1.11
14167;6.11;0.77
14174;14.24;6.45
14177;7.65;
14181;4.76;1.01
14182;8.18;
14183;12.36;
14191;7.65;1.82
14197;5.92;
14198;11.04;
14200;6.95;2.87
14202;17.84;11.89
14215;2.54;
14220;8.18;1.87
14221;3.84;
14224;;
14225;6.61;2.04
14228;6.03;1.66
14229;10.81;4.07
14230;;
14242;6.17;1.07
14243;24.5;2.76
14246;4.91;
14249;4.44;
14254;5.27;
14257;3.16;
14258;12.29;4.24
14260;;
14269;;
14271;7.19;1.43
14274;5.22;1.24
14275;5.51;
14277;4.06;
14278;3.78;
14281;7.47;3.39
14285;;
14287;4.57;1.48
14297;;
14301;4.39;0.92
14306;5.83;
14309;7.79;
14310;9.2;
14311;3.54;
14312;10.5;3.52
14318;3.86;
14319;5.01;
14325;5.42;0.95
14327;8.08;1.1
14328;5.69;
14333;12.27;4.12
14338;6.48;1.75
14341;5.94;0.66
14342;11.74;5.07
14346;6.29;
14347;10.5;4.83
14348;;0.0
14349;6.08;2.28
14352;14.14;7.07
14354;5.62;1.5
14355;5.55;2.59
14358;;
14360;;
14365;6.49;1.77
14366;14.77;5.27
14367;9.9;
14370;9.89;3.17
14371;12.54;6.5
14377;5.81;
14381;;
14383;5.49;1.69
14384;7.59;2.15
14385;;
14396;3.87;
14403;6.48;
14407;5.58;1.22
14408;4.33;1.02
14409;5.47;1.2
14410;6.72;2.65
14431;9.15;3.59
14437;8.89;2.08
14438;;
14446;;
14452;10.03;6.23
14454;4.33;
14456;8.4;2.62
14460;9.46;2.4
14466;6.31;
14473;;
14475;4.08;
14478;23.37;13.36
14480;9.39;
14487;9.92;3.92
14488;7.06;1.13
14496;;
14502;;
14509;;
14510;;
14514;9.5;2.69
14515;13.1;2.8
14516;8.89;2.76
14530;4.74;1.69
14533;;
14535;3.91;
14536;11.93;3.74
14538;7.37;1.84
14542;;
14552;;
14556;7.61;
14557;10.11;3.92
14558;6.09;
14562;6.04;1.58
14566;3.87;
14569;;
14570;7.92;3.67
14572;9.05;3.77
14574;9.48;4.61
14578;8.39;3.4
14581;7.19;2.32
14587;4.29;
14588;7.69;
14589;4.68;
14591;5.17;
14592;4.81;
14595;;
14609;;
14610;3.87;
14614;10.1;5.3
14619;15.38;
14625;7.69;
14630;3.31;
14640;;
14644;7.0;
14654;13.55;7.52
14656;10.85;5.04
14658;12.06;6.27
14659;5.84;
14660;;
14663;4.75;1.58
14666;4.83;1.47
14669;;
14672;9.89;4.37
14674;;
14675;2.78;
14676;7.98;
14677;;
14685;7.31;
14689;8.57;4.06
14692;7.44;1.52
14694;4.06;
14698;7.78;
14699;7.89;1.55
14701;6.99;2.41
14707;4.01;
14710;;
14711;8.06;
14712;9.12;3.14
14713;5.86;
14715;9.18;2.6
14724;5.54;1.62
14726;13.03;7.03
14728;6.27;
14738;4.95;0.67
14739;6.84;1.4
14740;8.42;4.58
14741;;
14742;;
14744;;
14748;;
14752;7.7;1.82
14754;6.64;0.92
14755;9.52;3.69
14761;4.26;
14762;11.17;4.28
14764;15.79;8.22
15001;19.08;11.56
15003;14.25;7.68
15006;15.81;9.65
15008;10.12;
15011;13.16;
15012;7.73;2.8
15014;13.98;4.7
15016;12.03;5.44
15021;14.72;8.44
15027;15.77;9.65
15029;15.03;8.88
15035;13.29;8.97
15037;13.17;7.96
15038;15.19;8.41
15042;19.07;13.95
15043;29.73;
15045;18.86;10.58
15048;;
15049;12.61;9.01
15050;9.47;
15051;18.64;10.17
15053;14.53;8.12
15054;22.19;14.75
15056;4.76;
15063;13.98;10.56
15069;15.65;9.16
15070;13.85;
15074;6.95;4.01
15076;18.58;12.02
15079;10.21;5.11
15083;9.26;4.22
15085;6.74;
15089;14.63;8.36
15090;10.75;4.56
15092;10.48;5.56
15094;23.24;13.75
15101;6.6;1.72
15104;17.89;10.98
15108;14.83;9.81
15113;13.86;7.26
15114;16.77;9.85
15117;14.81;8.89
15118;13.44;7.06
15119;14.76;7.1
15120;19.78;11.88
15122;21.49;12.64
15124;12.86;8.2
15134;15.65;9.71
15138;18.84;9.23
15140;6.1;1.97
15141;14.75;8.75
15142;12.17;6.86
15147;13.64;7.69
15148;14.56;9.71
15152;17.5;9.06
15153;14.3;10.39
15154;12.15;6.88
15156;8.13;
15159;15.84;10.41
15160;6.71;3.46
15162;19.52;10.76
15163;10.55;7.09
15165;21.08;12.65
15168;10.49;6.25
15169;13.74;6.87
15170;18.56;10.23
15175;13.6;7.09
15176;11.27;
15187;18.47;10.45
15191;16.15;11.4
15192;12.16;6.45
15196;10.18;5.68
15202;14.29;8.11
15204;7.89;3.42
15206;20.0;
15207;15.35;10.37
15211;17.49;10.76
15212;14.09;
15215;6.0;3.79
15219;17.92;12.9
15221;7.67;2.77
15228;16.32;9.21
15231;15.1;10.42
15234;6.09;
15236;11.41;8.38
15243;20.37;11.41
15244;9.66;
15246;19.05;11.31
15248;11.63;7.92
15250;10.19;5.63
15252;8.5;
15255;9.68;4.54
15258;14.14;7.33
15260;13.1;
15261;13.89;7.31
15264;11.32;
15265;14.75;8.78
15266;10.9;3.74
15267;6.64;2.51
15268;13.4;6.7
16001;17.5;11.39
16003;10.15;5.92
16005;16.27;8.08
16015;12.79;3.6
16016;10.65;5.13
16023;16.46;8.94
16025;12.58;6.13
16028;13.6;5.7
16030;9.81;4.15
16031;10.48;
16041;23.66;
16046;16.26;7.64
16053;;
16061;5.46;2.22
16064;14.38;7.34
16065;17.21;9.77
16066;13.86;6.36
16069;10.09;5.26
16070;15.22;8.12
16071;12.26;5.97
16073;18.48;10.52
16076;15.67;8.63
16078;6.83;2.7
16081;17.89;
16084;13.24;6.85
16085;12.0;5.31
16086;13.63;6.81
16089;8.48;3.3
16090;11.34;4.63
16093;8.93;4.71
16095;16.22;
16097;11.43;5.98
16098;;
16100;12.16;5.36
16101;6.67;3.23
16102;13.44;4.37
16106;15.95;8.31
16107;9.71;
16113;9.77;2.96
16116;20.0;13.62
16119;10.63;5.68
16121;6.38;
16124;13.75;7.32
16131;16.15;9.63
16132;19.68;11.63
16133;15.04;
16134;14.46;7.31
16138;5.97;1.77
16148;14.66;7.24
16150;7.7;3.06
16154;9.89;2.97
16163;9.19;3.12
16166;7.79;2.33
16167;12.61;4.87
16168;8.29;4.03
16171;12.93;8.62
16175;18.14;11.46
16181;13.26;7.2
16182;18.55;11.01
16186;13.75;7.82
16187;5.62;1.77
16192;13.01;6.94
16193;8.49;5.05
16196;12.89;7.07
16199;8.43;3.51
16204;13.87;7.84
16205;17.77;11.41
16206;15.7;7.93
16211;16.08;7.72
16212;23.08;16.39
16217;9.59;3.73
16223;15.2;8.06
16225;17.03;10.31
16230;14.42;6.2
16232;4.78;2.13
16236;6.08;2.31
16242;14.69;8.1
16244;7.9;3.32
16245;15.4;10.27
16255;15.7;
16268;18.71;9.94
16270;24.79;16.71
16271;4.37;1.35
16279;10.91;
16281;13.42;6.24
16283;9.12;4.4
16286;12.09;5.62
16287;6.16;2.16
16291;8.14;2.37
16292;16.46;6.93
16295;10.24;4.32
16300;11.54;7.16
16301;20.14;10.07
16308;14.72;7.12
16317;16.73;8.73
16320;9.13;5.39
16329;16.42;8.53
16331;;
16337;13.86;7.37
16341;8.13;2.05
16347;12.87;8.08
16348;7.19;4.06
16350;9.45;4.16
16353;8.24;3.12
16358;6.79;1.62
16362;18.49;11.32
16366;11.07;6.53
16370;11.07;6.12
16374;8.27;2.08
16375;20.27;
16378;9.14;5.6
16379;8.41;4.33
16387;8.47;
16393;7.84;3.19
16396;;
16400;16.6;7.17
16408;12.67;6.74
16409;16.23;10.75
16414;13.81;6.67
16418;5.67;1.72
16423;14.18;
16424;14.75;9.84
17003;6.03;1.49
17004;3.76;
17007;;
17009;5.03;
17010;6.89;2.06
17016;11.34;6.58
17019;5.27;1.44
17021;5.99;1.61
17024;14.03;5.84
17028;7.96;2.04
17029;11.48;
17037;16.94;8.06
17043;13.8;5.43
17050;13.24;5.88
17051;5.79;2.36
17055;11.38;
17056;10.09;4.75
17058;7.08;1.61
17060;10.0;
17064;6.3;1.81
17065;4.79;
17070;14.21;7.48
17072;13.01;6.85
17073;7.12;2.88
17074;11.59;7.07
17083;8.79;4.24
17086;8.1;2.49
17089;7.3;3.32
17091;6.17;1.47
17092;12.36;
17093;7.79;2.11
17094;6.59;1.36
17100;13.08;7.28
17102;6.78;3.47
17104;12.85;8.16
17109;5.6;
17110;14.21;8.43
17115;13.51;6.49
17118;8.19;
17120;10.1;4.22
17121;3.89;1.27
17127;10.68;3.47
17131;7.44;2.15
17133;8.44;4.0
17136;7.42;2.67
17140;7.02;2.09
17141;13.26;9.09
17142;4.67;1.08
17146;5.95;1.46
17151;5.94;
17153;4.96;1.31
17155;5.7;1.05
17161;5.79;1.74
17163;13.82;7.32
17164;6.27;2.79
17167;13.54;8.08
17168;7.25;1.94
17172;11.3;5.59
17175;8.36;4.64
17179;7.91;2.78
17180;12.36;
17185;7.95;3.2
17190;4.81;
17192;13.32;5.68
17193;4.78;1.22
17194;4.91;0.67
17195;11.11;
17197;17.86;7.9
17198;8.81;
17200;5.38;0.72
17201;13.97;
17202;9.01;4.94
17207;5.54;1.36
17211;11.26;7.51
17215;;
17218;9.06;2.87
17219;7.87;2.47
17222;6.24;1.77
17224;14.06;6.79
17225;4.02;0.73
17226;7.35;3.06
17228;7.78;2.99
17230;7.15;2.1
17232;9.85;4.5
17236;15.89;7.85
17240;14.2;7.61
17241;14.33;5.82
17243;16.14;9.2
17247;9.35;2.0
17248;10.55;4.83
17253;9.01;3.36
17257;16.37;7.74
17260;14.11;8.3
17264;4.73;0.97
17267;8.07;2.81
17270;15.25;7.99
17274;4.99;0.81
17278;8.23;3.34
17283;12.98;4.98
17284;11.13;5.09
17285;7.67;3.41
17286;4.42;1.06
17291;6.24;0.84
17297;5.9;1.92
17298;11.35;5.48
17299;12.13;3.18
17300;9.68;1.66
17301;19.74;
17306;8.66;2.03
17308;7.66;2.53
17309;13.11;5.53
17310;8.73;3.24
17311;5.78;1.64
17312;16.85;9.81
17314;8.77;3.95
17317;15.28;8.29
17318;3.85;1.12
17323;5.75;1.94
17325;15.89;11.25
17331;11.51;4.93
17333;6.44;1.79
17336;7.22;2.55
17337;6.54;2.48
17338;6.09;1.58
17339;7.31;2.71
17340;6.29;2.01
17343;18.52;
17344;10.38;5.26
17346;8.53;2.7
17347;14.76;6.61
17349;6.82;2.74
17353;5.28;1.28
17355;15.21;9.51
17358;11.86;6.19
17360;5.77;2.13
17362;18.24;8.78
17363;6.48;
17365;10.6;4.59
17369;6.99;2.05
17372;;
17377;18.18;
17380;5.58;1.32
17383;10.16;
17385;6.44;2.05
17387;8.52;3.75
17389;;
17391;2.89;
17393;7.6;2.85
17395;11.37;5.69
17396;5.68;2.32
17397;11.21;4.78
17400;7.76;
17407;5.21;1.42
17409;5.49;1.32
17410;14.13;7.61
17411;6.42;1.69
17412;7.28;
17413;6.88;3.28
17414;5.02;1.12
17415;10.65;3.2
17420;4.81;1.16
17421;7.49;2.05
17425;6.97;2.41
17429;6.13;1.67
17430;11.93;6.88
17434;9.1;2.7
17436;13.59;7.57
17439;8.55;4.49
17440;11.54;
17441;8.1;3.47
17448;10.65;3.66
17449;7.38;2.32
17452;6.78;2.24
17453;7.69;3.42
17457;8.73;3.49
17461;5.35;1.03
17462;7.37;3.68
17466;5.73;2.19
17473;20.0;
17474;9.31;4.53
17481;13.4;
17483;5.01;1.59
17484;6.89;2.07
17485;5.92;1.68
17486;4.82;1.99
18002;21.64;13.43
18003;15.4;4.45
18004;9.45;4.64
18011;16.27;8.65
18015;12.14;4.79
18018;8.99;3.69
18022;18.15;10.27
18023;14.44;7.22
18025;16.21;9.48
18026;15.19;4.67
18027;11.82;
18028;6.53;2.11
18029;22.56;14.66
18030;12.48;6.32
18031;22.45;14.03
18032;10.87;5.91
18033;13.1;4.99
18035;10.11;5.06
18036;9.09;
18037;15.03;7.58
18038;23.02;13.04
18039;24.69;16.05
18044;16.82;9.81
18047;21.35;12.16
18050;4.23;1.06
18052;16.8;10.82
18055;17.92;9.56
18057;24.06;13.76
18058;25.23;18.11
18059;19.65;12.14
18062;16.06;
18065;11.65;5.42
18067;13.96;8.96
18068;;
18069;7.01;
18072;20.61;
18075;10.29;3.3
18076;16.1;9.74
18078;;
18081;7.83;
18082;11.15;7.49
18083;24.53;12.92
18086;7.72;3.86
18087;15.17;8.64
18088;23.31;15.34
18089;19.76;13.07
18096;11.07;4.64
18097;5.84;1.91
18103;16.53;10.31
18106;16.56;
18108;13.08;7.18
18109;16.89;10.17
18110;13.94;7.44
18112;18.25;10.71
18115;12.97;7.75
18117;14.11;7.92
18119;19.47;
18124;14.13;
18125;14.88;5.51
18126;10.46;4.78
18127;22.32;13.58
18128;;
18129;16.67;
18133;12.47;7.3
18134;16.32;10.36
18137;20.91;12.5
18138;8.17;3.74
18139;12.87;6.97
18140;13.09;7.45
18141;11.23;4.95
18142;17.14;10.8
18145;14.72;8.55
18148;6.4;2.24
18149;20.93;14.19
18155;14.63;8.5
18157;4.63;
18159;12.52;7.38
18160;17.3;9.72
18165;12.63;7.37
18166;8.33;
18170;15.42;8.39
18171;18.9;
18172;10.75;4.68
18173;19.33;8.67
18175;16.78;7.94
18177;;
18178;15.43;
18180;5.92;2.68
18187;20.43;11.65
18191;20.43;
18194;11.46;5.17
18197;18.74;8.72
18202;;
18205;6.89;2.75
18206;7.97;4.11
18207;9.79;3.97
18210;10.16;5.25
18212;14.64;7.79
18213;6.18;1.54
18214;8.21;
18218;7.79;4.36
18223;8.4;3.54
18233;16.11;6.61
18235;10.41;5.58
18240;16.4;10.32
18241;20.18;12.21
18242;18.38;9.67
18245;22.41;11.38
18246;11.47;6.62
18247;8.41;3.88
18250;;
18256;11.69;
18257;11.42;3.62
18258;16.14;10.06
18260;18.33;
18261;17.99;10.07
18263;9.8;5.6
18265;16.53;10.88
18267;5.01;1.14
18269;17.2;9.17
18270;18.12;12.08
18272;15.33;6.53
18278;19.41;9.82
18279;16.2;7.75
18281;8.88;3.21
18282;11.58;5.61
18286;17.41;11.71
18289;11.61;4.49
18290;11.55;
19002;16.92;11.54
19005;15.04;8.44
19007;15.52;7.76
19009;;
19010;14.51;6.37
19011;14.23;6.17
19013;10.32;6.57
19014;13.65;8.03
19015;12.36;5.74
19016;14.61;8.22
19019;17.74;9.7
19023;12.21;6.11
19024;14.7;10.09
19028;26.8;16.31
19030;10.61;5.5
19031;11.62;3.41
19033;16.31;10.44
19034;19.79;
19036;17.35;11.03
19037;13.01;6.87
19038;9.94;6.47
19042;12.18;8.78
19044;14.52;
19055;14.01;
19056;12.58;8.28
19057;11.54;7.18
19059;10.12;
19060;16.92;11.5
19061;15.72;9.24
19062;15.11;9.71
19063;7.51;1.96
19066;8.74;4.42
19068;9.52;5.71
19071;13.0;7.62
19072;10.05;5.72
19073;16.55;7.68
19075;12.28;
19079;18.04;12.47
19080;22.19;14.8
19081;13.18;6.59
19082;7.96;3.8
19085;12.78;8.15
19086;17.13;11.16
19094;15.86;9.29
19098;10.81;6.69
19100;14.23;7.76
19101;14.35;7.18
19102;15.15;8.75
19105;15.02;10.58
19106;11.99;7.88
19107;9.51;3.89
19108;24.36;
19113;16.45;9.77
19118;15.98;8.77
19121;18.33;10.91
19123;8.1;1.77
19124;11.2;6.01
19125;10.94;5.88
19129;16.21;8.89
19130;18.48;8.25
19131;19.15;13.19
19134;21.96;12.18
19136;15.78;9.06
19138;11.29;6.45
19141;13.48;
19143;16.44;8.67
19145;12.29;6.98
19146;11.89;5.95
19148;19.13;10.67
19151;10.0;7.27
19153;10.57;4.52
19155;14.2;
19157;14.5;
19162;13.02;7.78
19164;17.54;8.95
19175;15.05;
19176;9.67;5.14
19178;9.22;5.21
19180;15.19;10.66
19182;12.15;5.42
19188;12.22;5.88
19192;19.07;9.54
19194;9.79;6.57
19201;14.51;10.1
19202;10.87;6.54
19203;12.07;7.66
19207;9.97;6.08
19211;13.74;7.78
19213;15.91;9.98
19220;12.32;4.58
19222;16.24;8.83
19227;7.4;2.72
19229;7.47;1.81
19232;;
19234;10.47;
19236;16.38;6.48
19237;16.84;9.43
19242;12.64;4.21
19243;10.85;5.93
19245;11.3;
19246;6.76;2.68
19248;14.98;9.12
19249;13.51;7.09
19250;19.26;11.68
19251;16.92;7.96
19255;11.33;5.9
19258;15.2;8.8
19261;16.44;9.91
19263;15.68;10.59
19264;18.12;10.83
19265;15.27;9.79
19269;15.52;7.8
19272;21.82;11.98
19274;6.98;2.94
19275;17.44;8.82
19276;20.27;11.59
19278;7.46;3.52
19285;14.95;7.3
19286;15.61;8.73
19288;10.88;6.11
21003;4.06;
21004;21.6;11.6
21013;9.05;
21021;4.9;1.47
21023;21.24;13.66
21027;7.54;
21038;11.91;4.46
21043;20.0;11.54
21049;;
21051;;
21054;12.86;5.61
21057;;
21059;6.53;2.87
21060;2.74;
21063;;
21074;;
21078;24.56;
21080;8.94;3.63
21086;8.39;3.16
21087;9.31;5.06
21103;6.0;2.66
21104;20.75;
21105;3.26;
21106;4.82;
21110;9.01;3.78
21113;;
21118;;
21122;10.71;
21133;20.1;9.79
21134;17.31;
21136;;
21146;;0.0
21150;25.64;19.41
21154;18.24;7.85
21166;8.85;2.38
21168;;
21171;6.47;0.54
21183;5.29;
21186;8.94;5.3
21191;4.72;
21193;11.29;
21194;7.92;3.37
21196;7.89;3.59
21200;7.18;2.33
21209;3.04;
21214;16.52;
21215;;
21217;;
21218;;0.0
21223;5.0;
21226;16.76;8.67
21231;11.02;2.43
21239;8.68;3.59
21240;;
21247;13.07;6.19
21261;6.03;
21263;5.57;2.17
21271;11.95;
21273;5.34;1.83
21277;9.14;4.2
21278;6.75;1.47
21283;;
21290;11.46;4.27
21292;8.61;2.68
21295;13.66;6.16
21296;12.5;
21303;;0.0
21304;20.0;12.57
21315;3.95;
21317;9.52;2.96
21320;5.54;
21329;;
21334;22.12;13.71
21336;20.84;13.05
21337;9.9;4.1
21346;13.92;
21349;15.13;10.39
21351;4.73;
21352;6.17;
21353;7.25;2.75
21355;8.38;2.25
21356;8.74;3.76
21361;8.76;4.38
21365;;
21370;5.92;
21377;;0.0
21383;6.59;2.07
21386;12.63;
21390;5.6;1.74
21398;;
21405;10.38;3.54
21408;7.14;2.83
21412;15.21;8.84
21416;8.28;2.38
21419;8.14;
21425;16.88;8.27
21432;23.08;15.38
21438;18.67;
21442;10.27;5.14
21451;15.19;
21452;4.87;1.3
21458;4.04;
21461;16.97;8.77
21462;4.06;
21464;11.12;4.08
21468;15.07;
21473;3.02;
21474;8.91;
21475;8.87;
21478;;
21481;6.77;1.02
21482;10.69;
21485;10.04;3.35
21492;17.81;9.59
21495;;
21496;13.7;6.92
21500;11.45;4.82
21501;15.15;6.35
21505;19.08;10.8
21515;5.2;0.79
21519;16.91;
21525;15.58;9.79
21528;16.84;
21531;15.27;8.98
21540;5.76;0.99
21542;;
21545;14.16;8.46
21554;20.85;8.49
21555;4.81;2.03
21558;6.13;2.83
21559;5.81;
21568;10.51;5.38
21573;15.6;10.09
21577;9.81;3.86
21582;22.08;16.43
21584;20.63;13.48
21585;8.47;3.6
21586;;
21590;11.11;6.19
21591;6.04;
21595;;
21596;;
21598;;
21599;12.05;5.11
21603;16.44;8.07
21605;3.89;
21606;8.46;4.41
21607;17.3;7.52
21608;13.79;
21609;6.35;
21610;10.0;
21611;9.7;4.43
21612;;
21617;7.77;1.72
21618;15.81;7.22
21623;4.13;
21632;3.26;
21636;14.02;8.41
21641;11.24;6.74
21642;21.63;15.92
21652;11.24;
21657;4.0;
21661;7.29;2.51
21662;;
21663;13.13;5.22
21664;23.53;
21674;19.41;11.76
21684;3.17;
21685;16.67;9.52
21688;14.81;
21698;9.66;
21699;8.99;5.35
21701;;
21704;16.92;
21710;20.04;11.32
21714;25.0;17.16
21717;17.61;7.95
22001;14.33;8.41
22002;5.6;
22003;5.56;2.44
22004;9.96;3.9
22005;14.04;6.24
22008;5.22;
22011;7.86;3.93
22012;5.67;
22013;14.42;6.88
22014;10.27;4.74
22015;7.49;3.19
22016;4.94;2.12
22020;11.95;5.04
22021;7.43;2.07
22025;16.98;8.55
22026;8.83;2.86
22028;7.69;3.74
22029;20.96;11.4
22031;19.96;10.66
22032;16.34;5.0
22034;8.27;2.44
22035;9.29;4.82
22037;19.24;8.83
22039;13.39;5.41
22040;8.52;4.44
22042;11.32;5.66
22044;5.76;2.01
22046;13.14;6.82
22047;14.98;7.82
22048;9.73;5.14
22049;8.23;3.47
22050;11.76;3.48
22052;15.56;10.6
22054;5.61;1.66
22055;7.28;2.04
22056;9.22;4.34
22059;6.41;2.88
22060;15.95;8.65
22061;17.42;9.89
22063;9.48;4.89
22064;8.51;3.22
22065;6.75;1.61
22067;6.92;2.01
22068;9.17;
22070;17.35;5.95
22071;11.9;4.82
22072;16.18;8.3
22073;15.38;
22074;12.95;8.55
22075;11.04;6.69
22076;7.68;2.52
22077;8.61;3.6
22079;9.19;4.82
22081;6.95;2.88
22082;5.08;
22083;17.6;9.29
22084;9.32;3.84
22085;9.56;4.78
22087;18.53;10.49
22090;6.27;1.97
22092;19.74;13.6
22093;7.91;2.62
22094;6.22;2.3
22096;8.63;
22098;6.03;
22099;8.54;4.08
22101;10.56;4.07
22104;10.86;6.25
22105;8.84;4.26
22106;6.68;1.91
22107;16.89;8.6
22110;7.41;
22111;8.73;5.12
22113;8.55;2.38
22114;11.78;5.8
22115;17.82;9.37
22116;11.24;5.54
22117;5.62;2.05
22118;7.49;2.16
22121;10.36;3.62
22122;12.7;6.85
22127;9.69;5.01
22128;18.93;9.97
22131;13.05;6.38
22134;5.62;1.54
22135;11.09;5.58
22136;10.33;4.14
22137;15.62;6.65
22139;27.16;
22140;7.01;
22141;;
22143;8.81;3.01
22144;7.27;2.3
22145;11.39;6.18
22147;11.77;5.33
22148;13.86;6.93
22149;17.44;9.01
22152;6.8;2.59
22153;17.5;4.44
22155;9.29;3.41
22156;11.3;3.11
22157;11.17;4.19
22158;12.23;6.18
22160;6.73;
22161;6.74;2.08
22162;8.57;2.73
22163;15.61;9.05
22164;9.64;3.76
22166;6.85;2.47
22168;8.15;2.36
22170;8.26;4.06
22171;6.77;2.06
22172;9.74;3.62
22175;6.23;2.47
22176;5.65;1.54
22177;5.11;1.48
22179;5.92;1.96
22180;8.51;2.87
22181;13.72;5.37
22182;7.77;2.59
22183;13.42;6.74
22184;12.36;6.47
22185;9.66;5.17
22186;6.51;1.88
22187;7.65;2.37
22190;5.69;1.71
22193;10.74;4.2
22194;8.64;3.29
22195;9.77;4.09
22196;10.7;5.27
22197;7.42;2.99
22198;5.86;1.78
22199;11.37;4.13
22202;16.46;7.92
22203;10.11;4.08
22204;9.61;3.42
22205;9.76;3.7
22206;9.96;3.3
22207;12.17;5.36
22208;14.48;6.01
22209;7.72;2.19
22210;6.65;2.52
22211;7.53;2.77
22212;12.02;4.01
22213;6.15;1.8
22214;7.44;2.87
22215;6.19;1.58
22216;14.93;9.03
22217;13.95;7.97
22218;7.93;3.34
22219;11.81;7.81
22220;12.69;5.59
22221;10.8;4.7
22222;7.98;2.46
22223;8.32;2.36
22224;5.79;1.53
22225;8.74;3.33
22226;9.07;3.95
22227;12.37;6.5
22228;16.28;9.56
22229;17.47;11.83
22232;5.21;1.77
22233;8.83;3.27
22234;8.07;2.2
22236;6.28;
22237;6.96;2.76
22238;10.91;5.08
22239;9.33;4.59
22240;12.48;5.67
22241;13.86;6.93
22242;6.11;2.19
22243;15.53;8.95
22244;16.14;8.65
22245;11.24;5.45
22246;6.31;1.73
22248;9.08;3.61
22249;15.53;8.71
22250;14.55;6.36
22251;7.19;2.09
22254;11.96;5.15
22255;18.24;10.0
22256;9.65;4.48
22258;8.31;2.65
22259;7.02;1.91
22260;10.65;
22262;10.09;4.6
22264;11.55;4.31
22265;6.83;1.77
22266;14.86;6.86
22267;18.66;10.07
22269;12.08;
22272;7.22;2.71
22273;5.37;1.4
22274;6.67;
22275;9.78;4.97
22277;10.22;4.01
22278;11.65;3.09
22279;10.27;4.04
22280;7.63;3.81
22281;8.68;2.5
22282;5.65;1.58
22283;10.12;3.31
22285;12.28;
22286;12.24;4.49
22287;5.95;3.27
22288;16.06;9.63
22293;12.29;5.51
22294;22.1;14.61
22296;11.44;5.87
22299;7.12;2.07
22300;10.43;
22302;6.43;2.05
22307;5.67;
22308;11.2;5.34
22310;8.4;
22311;8.52;2.43
22313;18.18;10.82
22314;11.92;5.7
22316;16.57;9.43
22321;16.81;8.66
22323;9.49;3.61
22324;7.67;1.71
22325;7.33;2.52
22326;4.58;
22327;4.86;
22328;16.4;9.46
22330;18.72;12.34
22331;15.49;
22332;11.7;6.04
22333;12.79;6.4
22337;14.03;8.7
22338;9.38;3.75
22339;6.33;1.71
22340;9.73;4.55
22341;10.23;3.22
22342;11.76;
22343;7.0;2.39
22344;9.98;4.38
22345;10.08;3.7
22346;7.71;3.4
22347;10.25;5.05
22349;6.27;2.84
22352;11.84;
22353;6.01;2.3
22354;8.2;2.73
22359;15.46;10.65
22360;5.72;1.2
22362;15.32;5.56
22363;7.5;2.43
22364;5.48;1.61
22368;7.14;
22371;9.66;5.08
22372;5.9;2.59
22376;9.22;3.77
22377;7.02;2.78
22379;9.11;3.63
22380;10.68;4.69
22384;13.49;6.65
22385;5.1;2.01
22387;9.94;4.42
22388;7.14;2.76
22389;7.52;2.64
22390;9.46;3.23
22391;15.62;9.38
23001;21.79;13.27
23002;19.23;11.9
23004;19.53;12.47
23008;28.89;17.74
23009;17.39;
23013;21.25;13.95
23015;14.89;6.15
23019;;
23020;18.41;11.91
23021;20.0;10.0
23022;22.33;13.21
23025;15.27;8.08
23026;25.08;14.52
23029;15.83;6.25
23030;24.21;14.24
23031;21.26;14.3
23032;16.95;11.43
23034;;
23035;16.11;10.49
23036;17.12;9.75
23039;13.76;7.05
23045;23.33;15.67
23047;20.43;11.83
23048;13.44;8.6
23049;17.68;
23056;13.45;5.84
23057;20.75;12.5
23060;21.74;10.14
23061;21.67;13.88
23062;22.0;13.8
23064;23.3;13.95
23065;18.18;9.09
23067;26.14;12.87
23068;16.89;10.73
23069;26.72;15.52
23075;17.66;9.38
23076;15.5;8.72
23077;13.38;5.84
23079;18.88;10.72
23080;;
23081;17.68;13.72
23082;14.43;7.96
23083;21.23;10.61
23087;14.19;7.43
23088;20.21;
23089;16.63;11.09
23090;18.88;11.7
23091;11.8;
23093;15.22;8.46
23095;13.76;7.62
23096;15.53;6.4
23100;20.37;10.74
23102;26.16;15.89
23105;24.32;16.93
23106;16.94;10.48
23112;17.04;10.91
23114;17.92;13.21
23116;23.21;14.97
23124;15.38;8.79
23130;22.41;16.28
23131;19.38;13.04
23132;16.67;10.98
23134;18.87;
23137;21.24;11.69
23141;18.9;13.57
23143;14.95;9.96
23144;20.08;13.39
23145;17.16;10.29
23149;18.7;10.57
23151;19.32;12.01
23154;22.24;12.8
23155;11.92;6.54
23157;19.32;
23162;18.26;10.18
23165;13.82;8.39
23167;16.88;10.31
23168;14.88;9.52
23169;8.57;
23174;19.27;11.93
23176;15.32;7.42
23177;12.41;6.88
23180;10.33;
23189;13.46;7.66
23192;14.08;6.99
23193;14.0;6.02
23195;8.53;3.99
23199;16.01;9.61
23206;7.65;3.53
23216;14.29;
23219;18.16;10.21
23220;22.11;14.09
23227;15.61;8.02
23232;13.18;7.36
23235;15.77;8.51
23238;13.11;8.24
23239;15.99;9.06
23245;11.6;7.71
23246;25.09;16.25
23247;15.24;8.64
23248;12.78;7.93
23255;;
23257;15.71;8.81
23258;13.39;
23261;22.73;14.09
24002;9.85;4.87
24004;12.26;8.05
24007;10.7;5.35
24008;14.51;8.81
24011;10.35;5.09
24014;6.12;3.06
24019;13.73;9.8
24020;11.62;6.67
24021;14.46;4.82
24026;8.53;3.38
24027;11.71;
24028;14.34;6.77
24030;8.73;3.99
24035;15.97;8.49
24037;12.01;4.03
24038;8.8;4.58
24040;15.76;8.37
24042;5.21;
24050;13.03;6.9
24053;7.08;2.45
24055;14.26;7.9
24064;13.44;7.29
24067;15.64;7.95
24068;14.49;7.77
24071;22.43;15.95
24074;13.9;6.95
24081;10.65;5.42
24082;9.47;4.69
24084;13.86;
24086;15.12;6.98
24091;11.62;6.03
24096;11.04;3.97
24098;6.84;2.39
24101;13.31;6.08
24102;7.99;3.17
24104;9.62;4.56
24113;;
24115;9.42;5.72
24123;;
24130;9.09;5.25
24133;16.23;8.5
24134;11.86;5.76
24137;10.2;5.71
24138;7.52;1.78
24139;4.75;1.94
24142;9.24;4.91
24143;15.92;8.37
24144;;
24145;9.29;4.41
24147;13.27;5.53
24150;11.3;5.65
24152;9.17;4.02
24157;12.13;5.96
24159;13.38;7.06
24164;17.06;8.14
24167;14.35;6.03
24172;14.52;7.57
24194;10.06;4.78
24199;14.78;7.39
24200;12.07;6.65
24205;9.4;5.48
24207;12.88;7.88
24210;12.83;7.17
24212;15.85;7.83
24217;11.57;6.23
24218;15.65;8.61
24220;14.21;9.47
24222;8.2;3.24
24223;11.66;4.49
24225;8.44;3.91
24227;16.39;8.85
24229;11.97;6.46
24236;6.14;2.54
24241;10.53;
24243;12.87;6.95
24253;15.58;9.34
24256;6.44;1.79
24257;10.62;
24259;11.13;5.0
24260;8.47;4.64
24263;19.47;11.06
24264;9.24;3.82
24266;5.89;2.81
24268;11.26;6.93
24269;16.39;9.63
24271;12.07;9.27
24274;14.34;10.75
24276;13.74;8.31
24280;19.7;9.09
24286;11.68;5.99
24288;11.06;
24291;13.18;6.81
24294;11.64;4.47
24295;11.52;3.69
24296;10.81;4.76
24297;6.52;3.75
24299;14.89;6.3
24301;9.62;4.62
24306;18.39;
24308;11.16;5.47
24309;9.94;4.45
24311;19.09;9.02
24312;8.19;3.33
24316;15.4;7.43
24319;9.38;4.69
24320;12.74;6.93
24322;14.89;5.04
24324;9.68;
24325;10.03;6.25
24328;15.21;7.02
24329;10.24;4.51
24330;7.81;3.75
24331;12.36;7.64
24335;11.66;6.14
24340;7.88;2.78
24348;8.74;
24350;9.46;4.07
24352;16.84;7.75
24353;20.0;10.49
24354;12.23;6.03
24355;9.54;5.13
24356;13.95;8.47
24361;9.05;
24362;10.53;5.18
24364;8.43;5.69
24365;13.12;
24370;9.32;4.87
24371;12.5;6.76
24372;11.77;5.47
24376;11.19;5.07
24380;12.93;6.94
24382;13.53;4.12
24384;;0.0
24396;17.32;9.2
24398;11.51;4.69
24409;8.24;2.6
24410;13.21;6.48
24418;13.57;7.81
24424;11.83;
24428;12.26;7.36
24432;13.03;5.56
24442;8.46;2.82
24443;15.07;7.42
24448;7.67;
24449;12.23;6.7
24450;11.45;4.32
24454;9.63;5.08
24460;11.72;4.48
24461;12.0;6.8
24462;7.91;3.56
24479;13.44;6.66
24484;9.92;5.45
24487;7.0;2.66
24488;13.6;7.65
24490;13.81;7.16
24491;14.74;7.11
24499;8.43;3.13
24509;12.46;6.52
24511;18.01;8.7
24514;17.79;7.36
24516;11.76;5.58
24520;12.99;5.52
24521;10.95;2.53
24527;15.76;5.73
24528;13.79;
24529;24.32;
24534;10.6;5.74
24536;13.11;
24537;11.17;
24538;14.42;7.88
24540;12.05;5.65
24546;;
24547;11.36;5.45
24550;11.71;5.98
24551;16.97;8.78
24553;11.91;4.31
24554;14.8;7.4
24555;14.52;5.52
24557;10.05;2.51
24558;12.7;5.27
24564;13.68;7.9
24565;10.6;4.97
24568;11.76;6.54
24571;12.24;6.03
24573;10.02;4.26
24574;9.21;4.6
24577;12.68;8.22
24581;14.26;7.41
24584;9.32;4.16
24585;19.42;10.73
25003;9.52;
25008;6.67;
25014;4.5;
25015;10.78;5.66
25018;7.93;3.79
25019;8.11;
25020;11.32;4.12
25021;9.99;5.12
25022;7.81;3.24
25031;14.56;5.47
25032;7.61;
25035;5.53;1.9
25039;6.72;2.37
25043;7.53;3.01
25045;;
25047;12.71;6.26
25048;8.55;2.81
25050;;
25051;13.88;7.65
25054;;
25056;11.11;2.76
25057;10.26;3.71
25058;14.06;7.52
25060;8.3;4.01
25061;;
25063;10.04;4.83
25065;;0.0
25066;;
25071;7.41;
25078;6.43;2.73
25084;5.11;2.46
25086;;
25097;;
25102;0.0;0.0
25105;14.43;8.52
25110;5.77;2.56
25112;8.44;3.22
25117;;
25121;10.53;
25127;10.97;4.47
25130;;
25133;5.48;1.5
25136;;
25147;7.06;3.08
25152;;
25155;9.43;
25156;16.43;9.61
25157;11.76;3.83
25159;11.2;3.9
25160;6.43;
25161;;0.0
25186;6.58;3.73
25190;9.65;3.76
25193;10.5;4.98
25195;4.38;
25200;4.32;
25204;6.41;1.31
25207;9.97;4.98
25212;7.06;2.47
25215;;
25217;8.42;
25222;7.33;2.73
25223;13.55;
25228;11.43;4.4
25230;10.12;4.06
25231;;
25232;;0.0
25236;9.23;
25237;9.24;3.6
25240;10.49;5.18
25245;8.61;3.69
25257;10.71;
25258;7.11;2.3
25259;9.3;2.7
25262;9.46;
25265;4.46;
25268;21.13;
25269;;0.0
25270;;
25271;7.81;3.12
25275;16.2;
25276;;
25280;11.11;
25284;10.08;2.69
25287;6.58;2.76
25288;8.51;
25290;;0.0
25293;3.29;
25296;10.77;5.27
25299;;
25304;13.48;6.37
25307;10.09;2.49
25315;15.2;7.23
25318;10.8;4.03
25321;12.54;5.2
25323;6.7;
25334;10.14;4.17
25335;14.44;
25336;14.87;9.18
25339;17.27;9.09
25343;;
25344;;
25345;8.12;4.38
25350;7.63;3.81
25355;;0.0
25356;12.13;4.14
25361;7.49;3.21
25364;7.17;3.52
25367;11.83;5.15
25368;7.54;4.15
25370;8.33;3.78
25375;5.02;
25376;;
25380;7.37;1.74
25381;8.25;2.64
25388;15.26;5.66
25389;;
25390;8.44;4.28
25394;5.33;
25395;6.72;2.45
25397;7.39;1.95
25400;9.63;4.44
25403;8.61;3.88
25405;10.33;5.48
25410;8.73;3.79
25411;10.5;3.31
25413;12.67;4.14
25415;15.14;8.45
25421;;
25424;8.28;3.89
25428;6.36;
25429;9.11;3.04
25430;;
25432;8.12;2.65
25434;10.98;4.16
25436;;
25444;;
25448;5.24;
25449;;
25453;8.99;4.7
25454;4.86;1.65
25462;11.04;3.14
25463;12.23;5.86
25467;6.63;2.63
25469;6.7;
25470;;
25472;;
25473;9.6;
25475;13.45;6.18
25476;;
25482;6.65;3.18
25485;;
25486;6.76;
25487;;
25493;9.82;4.02
25494;9.09;3.16
25495;8.0;3.37
25505;13.41;6.62
25508;7.36;2.33
25512;9.22;3.26
25519;17.56;8.69
25526;13.21;5.9
25527;7.46;2.45
25528;;
25529;12.74;6.16
25532;6.59;1.9
25539;10.34;4.21
25542;5.54;2.26
25547;24.01;12.25
25555;7.43;2.9
25557;;
25558;6.93;3.61
25560;6.47;2.73
25564;9.13;2.97
25567;;
25572;;
25575;9.69;4.08
25578;6.57;1.93
25580;11.32;3.67
25586;10.28;5.4
25592;7.67;2.91
25601;9.91;3.56
25614;8.91;2.41
25623;;
25626;;
25630;;
25631;5.62;
25632;8.69;3.23
25633;10.96;5.36
25634;7.76;3.42
26002;10.07;4.05
26004;7.0;3.21
26005;7.51;3.11
26006;6.07;1.72
26008;9.34;2.95
26009;7.06;2.93
26010;7.48;3.54
26011;8.99;4.22
26022;14.12;
26023;8.73;3.49
26026;14.29;
26028;;
26031;10.38;3.83
26033;10.07;3.72
26034;7.28;
26036;;
26037;6.37;1.73
26038;5.61;3.06
26039;6.62;
26040;12.28;
26041;5.86;2.01
26042;5.81;
26045;8.4;3.49
26049;5.21;2.51
26054;10.11;5.2
26056;11.63;5.31
26057;9.41;3.47
26058;9.92;3.48
26059;13.73;6.67
26060;14.19;
26061;5.92;
26063;11.73;5.55
26064;8.58;2.67
26071;8.4;2.67
26072;7.98;2.66
26073;5.98;
26074;10.26;5.06
26075;;
26077;6.62;
26078;6.78;3.18
26079;6.56;2.9
26082;;
26083;8.61;4.11
26084;7.4;2.92
26085;10.56;4.91
26086;9.42;4.53
26087;6.32;2.16
26088;5.57;1.29
26093;6.43;
26094;7.36;
26095;8.12;4.43
26096;9.59;3.81
26097;10.09;5.64
26099;7.9;3.34
26104;;
26106;11.09;5.09
26107;8.53;
26108;10.65;4.69
26113;10.27;3.89
26114;10.41;4.43
26115;7.31;
26116;11.7;5.81
26118;7.16;2.87
26119;9.75;4.08
26121;7.72;
26123;;
26124;7.38;2.7
26125;4.81;
26129;5.23;
26131;;
26138;11.14;4.82
26139;5.16;1.95
26140;7.1;
26142;;
26143;13.09;6.45
26144;7.29;2.56
26145;8.1;4.05
26146;10.34;5.99
26148;7.44;3.61
26149;9.98;4.99
26150;;
26155;7.97;3.04
26156;6.71;
26157;5.28;
26159;;
26160;8.28;2.96
26162;9.32;4.35
26163;;
26165;8.02;2.92
26166;7.26;2.35
26167;13.01;4.88
26168;10.68;4.85
26169;5.09;1.8
26170;5.24;1.57
26172;10.06;4.55
26173;7.14;
26174;4.1;
26176;6.33;3.23
26178;12.28;6.91
26179;7.48;3.82
26182;9.99;4.12
26183;4.26;
26188;8.46;2.82
26191;7.1;2.48
26193;14.37;5.26
26194;11.25;7.72
26196;4.47;
26197;4.91;1.92
26198;12.44;5.19
26206;5.8;2.25
26207;9.87;5.1
26208;5.26;1.59
26210;11.87;7.01
26211;9.28;3.94
26213;8.28;3.37
26215;12.98;5.96
26216;10.25;5.12
26218;4.91;1.82
26220;11.47;4.89
26225;8.33;
26231;7.34;2.73
26235;11.54;5.41
26238;16.2;9.5
26243;8.49;2.89
26245;;0.0
26249;5.19;
26250;5.63;2.28
26252;6.08;1.39
26258;7.51;2.57
26259;11.81;
26262;6.86;
26263;13.29;
26264;13.62;8.24
26270;;
26271;4.95;1.24
26273;6.92;3.27
26275;7.85;3.71
26281;10.56;3.09
26284;7.46;
26289;10.9;4.7
26290;9.22;3.14
26293;;
26294;5.25;
26295;7.05;2.6
26298;10.62;
26301;8.07;2.77
26302;9.17;
26305;9.52;3.53
26307;10.83;5.21
26311;9.05;4.02
26312;6.69;
26313;6.35;1.89
26314;13.5;8.0
26315;8.08;3.29
26319;6.14;
26320;15.15;8.33
26323;8.35;3.75
26324;8.56;3.15
26325;9.91;4.18
26330;6.53;2.71
26331;6.96;
26332;10.3;4.19
26333;17.73;8.2
26336;8.68;3.16
26337;8.86;3.61
26338;8.66;3.21
26339;10.28;6.19
26340;18.26;10.78
26341;8.79;
26345;11.52;6.55
26347;10.85;3.73
26348;10.75;4.37
26353;9.29;3.32
26355;6.06;
26357;15.45;8.69
26358;5.48;2.6
26360;11.76;4.9
26362;10.33;2.72
26363;;0.0
26364;4.76;
26367;8.56;4.18
26368;11.93;
26373;12.3;
26377;11.18;6.1
26379;7.46;3.6
26380;6.53;
26381;;
27003;7.85;3.93
27005;6.13;
27008;8.78;3.27
27009;7.42;
27011;7.04;2.22
27013;7.54;
27016;9.78;3.86
27017;3.99;
27019;;
27020;16.02;
27022;6.79;2.13
27023;4.35;
27027;;
27032;7.59;3.96
27034;7.09;
27036;8.7;
27037;6.3;
27039;6.09;
27042;;
27044;6.6;
27045;7.18;
27047;10.17;
27049;9.92;3.82
27051;12.56;6.03
27053;;
27054;10.71;5.0
27056;13.0;4.96
27057;;
27065;10.06;3.73
27067;3.82;
27070;7.02;3.16
27077;7.29;
27081;;
27082;8.7;1.82
27090;4.26;1.05
27095;7.02;
27100;12.1;2.02
27103;9.31;2.55
27105;6.03;1.81
27107;7.93;3.28
27108;10.13;4.34
27109;11.98;
27111;;
27112;13.27;5.85
27113;;
27114;7.96;2.71
27115;;
27116;13.57;6.26
27117;15.28;7.1
27119;5.56;
27120;;
27125;5.83;
27126;5.34;2.35
27127;8.73;
27129;7.19;3.44
27134;;
27141;;
27142;;
27149;19.67;
27151;8.99;4.36
27156;6.25;
27161;5.79;
27164;5.4;
27165;11.12;3.32
27167;4.92;
27169;9.38;4.02
27170;15.29;7.18
27173;;
27174;7.28;2.08
27177;6.45;
27180;5.14;1.68
27181;7.48;
27183;6.3;2.07
27185;;
27188;7.66;2.13
27189;;
27190;10.53;
27191;6.84;1.92
27193;4.93;1.97
27196;5.57;
27198;10.58;4.53
27200;13.92;
27201;10.28;
27205;;
27212;;
27213;7.66;3.45
27214;5.17;
27216;;
27217;5.13;
27218;8.25;2.17
27219;5.28;
27222;12.12;
27226;7.75;1.63
27229;13.97;5.19
27230;8.92;2.36
27231;7.66;
27238;4.23;
27242;10.33;3.0
27245;5.71;
27246;12.74;4.29
27248;11.0;
27249;3.64;
27251;10.31;4.58
27252;10.14;
27256;4.55;
27259;;
27260;8.36;3.54
27263;5.98;2.74
27275;10.85;4.23
27277;4.6;
27278;6.94;2.56
27279;9.23;3.36
27280;5.47;
27281;;
27284;10.6;3.6
27286;10.42;
27287;7.11;3.16
27288;7.06;
27299;8.57;2.06
27301;4.59;
27306;5.67;1.12
27307;6.99;
27311;7.75;3.15
27316;7.81;3.4
27317;5.41;
27321;;
27322;5.71;2.05
27323;15.06;6.63
27324;6.46;
27325;;
27330;;
27332;5.5;2.63
27333;6.23;
27335;6.85;2.41
27336;6.08;
27339;7.47;
27341;;0.0
27342;;
27343;5.06;1.93
27345;8.0;
27347;5.06;
27348;6.5;2.46
27351;5.72;1.96
27354;6.6;
27355;10.33;4.94
27360;;
27365;7.77;1.73
27366;;
27367;9.94;4.48
27375;10.23;3.21
27377;13.67;4.9
27381;;0.0
27385;8.13;3.79
27386;8.33;
27391;7.16;2.72
27392;11.02;
27396;5.22;
27397;7.8;3.23
27398;7.95;2.05
27399;;
27401;;
27407;;
27411;10.57;
27412;5.53;
27413;11.48;3.93
27414;11.79;5.22
27422;5.03;
27425;8.17;3.0
27428;8.88;2.33
27429;13.86;
27431;20.72;10.5
27434;;
27436;7.91;
27438;15.74;6.9
27439;4.82;
27448;8.93;3.37
27453;8.33;2.64
27454;6.81;
27456;7.11;2.79
27457;6.76;
27458;5.39;
27459;;0.0
27460;;
27465;5.86;
27467;13.86;5.41
27468;10.69;4.58
27469;9.02;2.97
27470;13.72;5.32
27474;9.18;2.46
27478;5.0;
27481;13.14;7.63
27482;;
27485;22.22;13.25
27490;;
27493;6.86;2.14
27495;;
27497;5.01;
27500;8.22;3.12
27501;;
27502;12.96;7.41
27504;6.39;
27507;8.07;2.73
27511;4.57;
27514;7.98;
27517;4.72;2.13
27524;8.09;3.5
27525;;
27528;8.08;2.69
27529;5.58;
27534;3.99;
27535;8.92;
27537;7.11;
27538;12.27;7.22
27542;10.78;4.36
27543;8.45;5.02
27545;;0.0
27547;8.73;4.01
27548;7.57;2.93
27553;10.7;
27554;8.12;3.95
27555;;
27556;;
27560;;
27561;10.98;6.82
27562;7.35;1.81
27565;11.55;4.86
27570;;
27572;;
27577;10.17;5.08
27579;;
27580;4.78;1.98
27582;4.71;
27584;;
27587;7.52;3.19
27589;7.38;3.16
27591;6.39;3.44
27593;5.59;
27595;4.75;
27598;8.9;3.56
27602;6.82;1.17
27604;;
27611;;
27612;9.74;
27613;8.99;
27614;;0.0
27616;6.0;1.76
27621;;
27622;9.05;2.77
27629;11.51;3.39
27635;;
27638;5.11;1.75
27643;11.79;5.18
27649;10.7;
27650;;
27652;8.24;
27656;9.63;4.01
27659;;
27661;8.33;
27665;6.89;
27666;5.28;
27670;5.12;
27677;;
27679;12.36;4.55
27681;10.35;3.09
27683;10.0;
27684;8.16;
27685;11.0;4.78
27691;4.55;
27692;;
27693;6.65;3.16
27696;10.55;3.21
27699;;0.0
27701;5.36;1.57
28001;5.05;1.83
28003;;
28005;10.24;4.58
28006;4.9;
28007;9.28;3.12
28009;;
28012;13.81;7.27
28013;6.3;2.93
28014;7.07;
28015;9.4;4.37
28016;10.64;
28018;11.21;5.71
28021;5.99;
28022;5.87;2.46
28024;3.6;
28027;14.8;7.84
28031;12.18;5.9
28033;13.11;7.73
28034;9.22;5.83
28037;7.98;
28039;7.39;1.95
28047;7.34;
28048;7.6;
28049;10.48;
28051;12.52;5.53
28053;8.96;
28059;9.68;4.62
28061;15.08;6.28
28064;7.88;3.09
28067;;
28070;3.82;
28073;10.13;
28075;9.06;3.94
28076;;
28081;9.93;
28085;11.18;2.76
28086;8.94;
28087;;
28088;13.17;4.97
28089;12.81;5.81
28091;;
28094;9.09;2.91
28095;;
28096;10.52;4.53
28098;9.56;4.26
28102;8.05;
28103;12.58;6.47
28105;8.5;
28109;14.36;6.38
28110;6.38;1.36
28116;9.48;3.81
28117;14.57;
28118;5.86;
28122;9.05;4.07
28124;5.63;
28127;12.43;6.55
28128;;
28130;9.96;6.25
28134;15.15;6.34
28135;6.81;
28140;10.79;3.23
28142;;
28148;9.5;
28149;17.29;8.52
28155;9.23;
28156;10.04;3.41
28158;3.12;
28160;5.85;2.58
28161;17.02;9.12
28162;;
28164;10.65;6.21
28167;9.71;
28168;11.38;6.09
28173;5.0;
28177;6.79;
28188;8.64;3.66
28191;5.94;1.67
28193;;
28196;13.16;6.58
28199;12.37;5.56
28201;6.54;2.07
28202;7.73;
28203;9.55;3.5
28206;6.53;3.26
28209;7.08;1.63
28210;;
28214;15.51;6.6
28216;;
28218;8.27;1.68
28220;7.51;1.77
28223;5.91;
28226;11.02;5.26
28227;8.93;2.67
28229;8.28;1.76
28231;11.93;
28233;10.47;5.94
28234;8.59;4.3
28236;6.75;3.16
28245;;
28247;7.39;
28253;3.63;
28254;5.9;
28255;;0.0
28256;11.16;
28260;;
28268;;
28269;3.79;1.7
28275;4.4;
28278;6.2;2.95
28279;9.1;2.8
28280;14.21;5.98
28287;13.51;6.39
28290;12.5;
28291;10.76;
28298;8.13;3.3
28299;;
28302;8.71;4.72
28304;12.84;6.88
28309;6.98;2.64
28315;;0.0
28322;11.07;4.58
28325;4.11;
28330;11.76;6.78
28331;10.32;4.72
28333;;
28334;8.89;3.3
28337;5.45;1.07
28339;;
28342;;
28346;;
28348;6.52;1.75
28349;9.04;
28357;7.76;2.97
28358;5.82;1.94
28359;8.02;2.74
28363;7.19;
28364;13.78;7.02
28366;10.95;
28369;8.45;4.37
28371;8.08;2.12
28372;7.38;
28373;10.47;4.05
28380;6.51;3.01
28382;12.79;6.39
28385;8.42;
28387;15.6;6.39
28388;5.66;
28391;10.43;3.94
28393;6.48;2.13
28394;5.64;2.22
28398;12.97;5.24
28404;7.16;2.26
28406;12.6;6.03
28414;;
28415;7.03;2.85
28422;9.58;3.74
28424;9.51;5.12
28425;8.2;
29001;7.98;2.44
29002;9.49;4.53
29003;9.36;3.91
29004;9.38;3.64
29005;7.21;2.82
29006;8.82;3.17
29007;13.54;6.25
29008;8.58;5.09
29010;8.98;4.18
29011;4.25;
29014;18.73;11.43
29015;5.71;1.9
29016;16.36;7.18
29017;6.89;2.61
29018;15.75;9.67
29019;10.27;2.56
29020;10.03;4.68
29021;9.43;4.49
29022;7.84;2.92
29023;6.87;1.9
29024;14.32;5.3
29025;10.97;5.94
29026;13.97;6.11
29027;15.1;7.81
29028;11.43;5.9
29029;12.84;5.44
29030;8.91;4.76
29031;5.9;1.77
29032;6.22;1.8
29033;16.57;8.29
29034;13.19;6.86
29035;5.78;
29036;16.92;9.67
29037;6.74;2.59
29038;16.57;8.5
29039;8.19;2.64
29040;6.2;1.73
29041;13.56;6.42
29042;8.69;2.39
29043;5.85;1.84
29044;13.23;7.13
29045;6.45;2.73
29046;8.92;2.86
29047;7.27;2.63
29048;13.09;6.55
29049;11.87;6.17
29051;5.57;1.88
29053;9.75;3.25
29054;13.89;7.04
29055;4.76;1.78
29056;5.74;2.3
29057;6.74;2.77
29058;6.59;2.25
29059;8.48;4.85
29060;5.28;2.13
29061;5.13;1.28
29062;15.05;7.68
29063;9.6;4.64
29064;10.18;4.91
29065;6.26;2.78
29066;7.02;3.01
29067;11.85;5.6
29068;12.08;5.96
29069;4.06;0.81
29070;9.42;
29071;8.94;4.24
29072;8.7;3.62
29073;9.12;4.97
29074;10.85;4.84
29075;5.16;1.16
29076;5.3;1.69
29077;8.75;4.89
29078;9.04;4.66
29079;8.17;2.95
29080;6.7;3.35
29081;16.39;7.36
29082;6.82;3.34
29085;5.46;2.14
29086;10.81;5.19
29087;9.68;4.3
29089;11.34;5.46
29091;9.67;4.06
29093;8.56;4.19
29095;4.83;2.09
29097;9.41;4.36
29098;5.62;2.13
29100;6.95;
29101;6.51;2.06
29102;15.13;7.32
29103;9.05;2.68
29105;11.22;4.34
29106;7.99;3.47
29107;8.66;3.51
29108;8.02;3.73
29109;6.37;2.32
29110;8.58;4.18
29111;9.56;6.0
29112;6.94;3.33
29113;9.1;3.61
29114;20.78;12.12
29117;6.85;2.64
29119;5.83;
29120;9.69;4.17
29122;18.47;11.04
29123;14.57;8.17
29124;8.13;2.3
29125;15.83;9.68
29126;;
29128;13.58;6.79
29130;3.97;1.22
29131;10.08;5.24
29133;8.03;3.35
29134;8.85;3.2
29135;6.01;2.29
29136;9.88;3.85
29137;8.51;3.26
29139;11.29;6.55
29140;7.06;2.57
29141;14.37;7.34
29142;18.9;11.81
29143;10.65;4.93
29144;8.99;4.78
29145;9.53;4.24
29146;7.72;4.11
29147;7.07;3.06
29148;9.34;3.53
29150;5.51;2.13
29151;14.28;5.16
29152;12.5;6.5
29153;5.91;2.2
29155;6.71;2.56
29156;4.8;1.64
29158;6.63;2.64
29159;9.9;5.83
29160;5.16;1.5
29161;5.75;1.82
29162;12.31;5.02
29163;8.0;2.51
29165;6.04;2.32
29166;10.0;4.33
29167;10.03;4.3
29168;9.2;3.92
29169;6.69;1.96
29170;5.61;2.31
29171;6.65;2.61
29172;11.54;5.16
29173;6.33;2.04
29174;7.79;3.27
29175;16.48;8.57
29176;10.65;4.42
29177;5.83;1.79
29178;6.09;2.49
29179;7.31;3.33
29180;10.27;4.4
29181;6.46;2.6
29182;10.27;3.42
29183;9.56;5.39
29184;9.83;5.42
29185;9.54;4.64
29186;7.71;3.41
29187;14.39;8.08
29188;6.77;2.85
29189;7.68;2.29
29190;6.43;1.92
29191;9.48;4.17
29192;9.92;4.24
29193;9.03;4.68
29195;7.7;3.48
29196;8.19;3.02
29197;8.23;3.69
29198;8.32;4.55
29199;8.12;3.19
29201;7.19;2.68
29202;13.42;6.9
29204;9.21;4.61
29205;10.8;4.36
29206;10.92;5.89
29207;6.32;2.44
29208;6.91;2.36
29209;7.48;2.94
29210;10.11;5.24
29211;18.56;8.93
29212;4.82;1.59
29213;9.53;5.39
29214;10.14;5.96
29215;8.32;4.44
29216;6.27;1.91
29217;13.59;6.77
29218;10.49;4.74
29220;8.46;3.13
29221;5.05;1.59
29222;20.52;11.4
29224;8.04;4.02
29225;8.03;4.33
29226;8.28;3.83
29227;15.09;7.94
29228;8.85;4.63
29229;10.19;5.33
29230;12.83;6.18
29232;10.57;3.04
29233;8.69;2.67
29234;6.81;2.68
29235;6.28;1.67
29236;7.72;2.92
29237;5.91;2.77
29238;9.44;4.21
29239;9.04;3.14
29240;9.73;5.03
29241;8.83;3.65
29243;15.29;7.85
29244;11.31;6.78
29245;4.22;
29247;6.68;2.4
29249;16.58;7.83
29250;15.5;8.33
29251;7.93;4.06
29252;7.07;3.1
29254;8.23;2.32
29255;7.18;
29256;10.15;4.89
29257;5.75;1.87
29259;11.71;5.38
29260;5.97;1.68
29261;17.76;9.21
29262;15.46;8.43
29263;9.6;3.62
29264;7.4;
29265;4.67;
29266;10.1;4.58
29267;17.42;11.4
29268;5.86;1.95
29269;13.39;5.91
29270;5.77;
29271;9.49;6.4
29272;7.04;3.38
29273;8.3;3.73
29274;10.86;4.96
29275;15.91;8.9
29276;11.46;5.37
29277;11.69;5.36
29278;15.52;7.88
29279;8.69;4.15
29280;9.73;4.19
29281;9.42;6.54
29282;;
29284;7.3;3.27
29285;9.38;
29287;6.67;2.86
29288;7.02;
29289;19.08;
29291;13.7;6.38
29293;6.09;2.23
29294;11.07;6.19
29296;6.3;3.6
29297;9.58;3.85
29298;9.86;5.75
29300;7.3;2.7
29302;12.47;5.59
2A004;9.96;3.69
2A008;10.66;4.52
2A021;10.27;
2A026;10.23;
2A031;18.17;11.34
2A040;15.13;9.24
2A041;9.83;5.28
2A048;8.71;4.4
2A060;20.63;
2A062;12.41;5.84
2A070;9.25;4.48
2A071;11.16;
2A085;10.73;4.72
2A089;13.57;
2A090;11.19;6.34
2A092;11.49;6.81
2A099;15.31;9.06
2A100;14.41;
2A103;10.45;6.07
2A108;17.29;10.37
2A114;9.3;4.57
2A117;18.18;
2A127;10.28;
2A128;9.63;
2A130;9.07;4.55
2A131;22.65;15.21
2A133;19.17;
2A139;8.13;3.62
2A142;17.41;12.1
2A174;16.15;
2A181;12.73;6.25
2A189;9.63;5.41
2A198;19.08;10.42
2A212;12.28;5.26
2A215;8.55;4.61
2A228;7.41;3.57
2A232;19.3;12.97
2A247;9.14;4.62
2A249;9.87;4.92
2A254;15.69;11.25
2A266;14.37;7.78
2A269;12.95;5.97
2A270;14.52;8.91
2A271;8.52;5.23
2A272;14.94;8.2
2A276;6.84;4.56
2A278;16.55;7.19
2A279;11.59;5.8
2A284;13.78;9.06
2A308;17.65;11.44
2A322;17.35;9.69
2A326;14.07;8.54
2A345;9.47;5.85
2A348;14.13;8.67
2A351;8.86;4.75
2A359;16.56;11.66
2A362;8.93;4.1
2B007;15.89;9.11
2B009;12.75;6.01
2B016;14.61;10.73
2B020;9.88;1.87
2B025;;
2B030;10.6;6.01
2B033;12.13;4.42
2B034;15.01;4.26
2B037;8.35;2.16
2B042;9.12;3.02
2B043;11.26;4.79
2B049;9.62;3.69
2B050;9.4;3.28
2B053;;
2B054;17.55;11.59
2B055;11.72;
2B058;14.84;7.32
2B067;17.91;
2B069;;
2B075;17.39;
2B077;9.06;5.33
2B079;10.33;6.25
2B082;;
2B084;13.14;6.78
2B086;10.41;6.3
2B087;12.78;6.12
2B088;10.71;
2B093;7.18;4.01
2B096;16.54;7.1
2B109;13.27;7.41
2B110;;
2B120;6.24;2.52
2B123;14.85;8.82
2B124;14.11;7.4
2B134;9.61;4.24
2B135;16.21;8.42
2B143;12.71;5.95
2B148;11.24;4.87
2B150;7.01;1.79
2B152;12.77;6.6
2B156;;
2B157;;
2B162;16.61;11.24
2B164;23.08;
2B169;14.81;8.89
2B172;14.73;8.71
2B173;16.38;8.76
2B185;13.3;6.02
2B188;11.19;5.42
2B190;12.7;5.95
2B199;9.95;
2B201;18.6;
2B202;;
2B207;10.04;4.28
2B219;23.53;13.97
2B223;10.67;6.22
2B236;12.45;4.98
2B238;14.53;8.38
2B243;19.3;
2B251;11.38;6.04
2B260;12.99;
2B261;11.4;5.83
2B274;20.87;11.3
2B280;8.09;
2B293;14.29;7.36
2B296;11.52;
2B298;12.12;5.3
2B305;10.24;3.88
2B307;15.32;7.85
2B311;10.25;3.99
2B313;12.43;5.81
2B316;10.51;4.92
2B321;24.56;
2B329;11.65;
2B332;8.56;
2B335;9.91;
2B341;16.28;8.93
2B342;9.44;4.81
2B346;11.9;6.45
2B347;14.44;9.09
2B350;13.78;
2B353;7.92;2.39
2B354;22.16;12.11
2B361;12.9;7.1
30002;7.6;2.76
30003;7.22;2.1
30004;6.58;2.35
30006;7.16;2.04
30007;13.32;5.01
30009;21.66;13.06
30010;13.62;5.51
30011;7.14;1.78
30012;8.1;2.83
30016;16.06;7.63
30020;4.12;1.61
30024;10.85;6.7
30026;13.66;6.95
30028;11.79;4.25
30029;11.75;4.81
30032;13.23;6.08
30033;6.29;1.69
30034;7.24;2.28
30036;5.92;1.53
30037;27.02;16.18
30039;6.2;1.92
30041;5.94;2.64
30042;5.94;2.53
30045;11.5;7.32
30046;12.0;4.38
30047;5.67;1.52
30048;7.51;
30051;10.76;5.62
30052;9.67;4.09
30053;12.15;5.61
30057;8.48;4.93
30059;5.98;2.07
30060;7.31;3.88
30061;9.63;3.98
30062;7.72;1.74
30066;7.72;
30070;6.82;3.94
30073;6.74;2.49
30075;5.7;1.34
30077;12.43;6.22
30079;11.14;7.04
30080;14.5;7.6
30081;9.32;3.41
30082;5.22;1.6
30083;4.67;1.09
30084;12.94;5.18
30091;7.23;3.03
30092;9.38;2.73
30096;12.11;4.91
30099;14.64;7.5
30100;7.51;
30101;5.34;
30104;5.28;
30105;9.84;5.62
30108;13.33;6.67
30112;5.85;2.51
30120;10.67;5.84
30123;7.2;2.02
30125;5.24;1.25
30126;4.85;
30127;6.0;2.31
30128;7.1;2.17
30130;12.8;5.85
30131;8.78;4.45
30132;23.58;10.12
30133;6.3;0.93
30135;9.78;4.18
30138;4.63;1.69
30139;13.86;7.62
30140;12.76;6.19
30141;8.38;3.69
30142;11.47;6.21
30146;10.28;5.33
30147;8.43;1.91
30148;7.47;
30149;5.75;2.18
30151;10.0;4.71
30152;9.28;4.2
30155;5.46;1.7
30156;6.36;2.35
30158;;
30159;18.98;12.71
30162;10.0;5.0
30164;8.37;2.27
30167;13.31;7.25
30169;9.1;3.7
30171;21.78;11.64
30172;11.87;7.78
30177;5.6;
30179;9.54;4.17
30180;6.18;
30181;13.94;7.21
30182;5.82;
30184;11.84;6.18
30185;6.35;1.59
30186;4.29;
30189;11.64;3.23
30191;10.03;4.52
30197;;
30198;10.06;
30201;12.77;5.98
30202;15.74;6.96
30203;14.87;6.32
30206;4.53;1.08
30207;10.86;4.04
30209;6.98;2.6
30210;9.28;3.68
30211;6.94;2.58
30212;13.93;6.42
30216;16.16;6.3
30217;5.22;1.58
30221;11.3;4.23
30223;6.84;2.39
30227;18.7;9.15
30229;16.2;11.59
30231;14.84;8.26
30241;6.2;2.5
30243;6.85;2.15
30248;4.68;
30249;4.89;
30250;5.96;
30253;18.07;10.96
30254;7.97;2.94
30255;6.76;2.53
30257;6.6;2.12
30258;8.97;3.69
30259;7.78;3.4
30261;6.83;
30263;14.67;7.13
30264;19.47;
30267;10.22;3.72
30268;15.84;10.7
30269;11.83;5.69
30270;8.87;4.76
30273;9.27;4.41
30274;7.82;1.91
30276;7.66;2.9
30278;7.3;3.76
30279;7.68;2.49
30281;5.39;1.71
30284;9.35;2.99
30285;10.1;4.57
30288;15.16;7.14
30290;7.82;2.81
30292;10.16;5.9
30294;6.91;2.33
30295;8.05;2.72
30297;8.13;3.03
30301;9.78;
30302;6.83;3.15
30305;10.76;4.71
30307;15.53;7.85
30309;10.85;
30310;15.14;6.77
30311;10.17;4.35
30312;6.42;2.69
30319;6.09;
30321;11.93;4.91
30325;14.22;8.43
30326;8.36;3.54
30329;8.11;2.7
30331;7.72;2.84
30333;6.65;1.85
30334;11.09;3.58
30338;10.91;
30339;11.2;5.52
30340;9.54;3.47
30341;8.91;2.85
30344;7.67;2.32
30347;6.04;1.85
30348;10.6;4.68
30350;18.9;9.08
30351;7.82;2.48
30352;7.49;2.5
30354;;
30356;7.82;2.39
31003;3.62;
31004;4.45;
31006;;0.0
31011;10.68;5.56
31014;;
31020;18.08;10.62
31022;7.26;1.3
31025;5.62;
31026;12.25;6.22
31028;13.44;6.21
31029;10.67;
31032;6.03;1.27
31033;8.99;2.71
31035;5.38;0.83
31036;3.52;
31037;7.9;3.41
31042;11.91;5.02
31044;5.94;0.88
31045;14.86;4.71
31046;;0.0
31048;7.53;2.38
31050;7.76;
31053;3.0;
31056;5.47;0.9
31057;3.8;
31058;;
31062;;
31065;4.33;1.96
31066;6.54;2.22
31069;6.87;0.99
31070;12.95;7.19
31071;;
31072;;
31077;6.08;
31079;4.31;1.01
31080;17.22;10.33
31084;9.25;3.23
31085;10.74;6.16
31088;3.22;
31091;5.22;0.7
31094;6.8;2.27
31097;7.78;
31098;12.5;5.8
31099;;
31100;9.68;3.62
31104;5.82;
31106;8.18;3.56
31107;8.09;2.94
31113;6.04;0.69
31115;;
31116;6.55;1.1
31117;4.72;1.01
31118;5.86;1.75
31124;7.58;
31127;0.0;0.0
31135;12.9;5.06
31136;5.57;1.39
31144;11.79;6.74
31145;11.27;4.83
31149;6.35;0.88
31150;6.83;1.2
31157;7.11;1.1
31160;5.28;1.19
31161;3.72;
31162;5.15;2.68
31163;5.31;1.68
31165;5.43;0.76
31166;9.52;
31167;13.82;8.76
31169;4.35;0.75
31173;;
31175;10.25;5.59
31179;13.07;
31180;;
31181;5.13;1.48
31182;7.04;1.19
31184;5.15;
31185;;
31186;4.98;0.8
31187;4.45;0.89
31188;4.39;1.2
31193;11.71;5.16
31195;0.0;0.0
31196;10.26;
31200;;
31201;;
31202;7.28;2.28
31203;5.03;0.9
31205;5.53;0.81
31211;7.08;
31212;4.64;
31215;7.83;
31219;5.39;
31222;;
31224;16.0;6.88
31228;4.21;1.12
31230;5.39;0.93
31231;6.92;
31232;8.33;2.11
31234;9.9;
31239;15.66;8.67
31240;;
31246;13.1;6.77
31247;12.34;5.51
31248;4.43;0.92
31249;4.13;
31253;4.57;1.44
31254;9.13;1.06
31255;11.16;6.05
31256;;
31259;5.91;
31263;5.0;1.3
31265;10.14;
31266;;
31267;;
31269;5.2;1.63
31271;6.58;2.57
31272;;
31273;4.52;0.84
31277;4.73;1.98
31280;10.66;
31281;8.12;2.5
31282;6.48;0.9
31284;2.23;0.0
31287;5.7;1.88
31289;11.72;
31291;4.37;0.38
31292;;
31293;4.98;0.76
31297;9.36;4.17
31299;7.13;2.72
31303;5.84;1.87
31311;3.48;
31315;14.08;8.3
31316;11.31;4.77
31324;10.82;4.48
31325;;
31326;;
31330;;
31331;;
31334;6.49;2.86
31335;;
31336;13.26;6.08
31337;12.39;
31340;;
31341;7.25;1.69
31344;17.17;7.73
31345;5.47;1.52
31346;5.78;
31348;;
31349;8.04;4.52
31351;6.54;0.78
31352;;
31354;;
31355;5.19;1.93
31356;6.42;2.42
31358;6.29;2.03
31360;9.07;3.38
31364;3.99;
31366;5.88;
31375;11.83;5.49
31380;10.16;
31381;7.52;3.76
31384;4.49;
31385;9.15;
31387;;
31389;4.73;
31390;21.2;11.35
31392;;
31395;7.7;1.76
31396;8.19;1.83
31399;6.3;2.05
31402;5.38;
31403;7.95;
31409;5.35;1.03
31410;4.47;0.57
31411;3.77;
31412;12.42;
31417;4.88;1.02
31418;5.71;
31420;5.98;0.94
31421;4.92;0.77
31424;5.19;0.65
31426;6.93;3.96
31427;9.84;4.02
31429;4.96;
31433;6.72;1.4
31435;4.71;
31445;5.07;1.05
31446;8.08;1.36
31451;9.18;2.96
31454;10.08;4.39
31455;8.35;2.68
31457;11.26;4.86
31458;6.03;1.7
31459;2.76;
31460;4.16;0.8
31461;13.41;
31462;5.24;1.23
31465;;
31467;5.79;1.23
31471;25.29;15.18
31474;9.77;
31475;5.92;
31476;7.84;3.33
31478;10.59;4.95
31480;2.72;
31481;7.68;3.89
31483;16.47;7.73
31484;4.83;1.05
31486;4.7;1.4
31488;4.81;0.65
31490;5.88;1.46
31495;7.59;3.7
31497;3.83;
31499;6.23;1.27
31502;8.8;
31503;17.43;8.63
31506;5.08;0.71
31507;8.52;1.68
31511;9.17;
31512;4.86;
31513;12.0;6.4
31514;;
31516;8.72;2.64
31517;6.7;1.84
31522;;
31523;20.92;14.06
31525;4.53;
31526;3.52;0.35
31527;;
31532;;
31533;3.81;
31535;14.34;7.17
31536;8.7;
31538;12.62;
31541;6.46;0.94
31546;;
31547;6.09;1.33
31551;5.12;
31552;15.0;
31555;9.51;1.88
31557;5.2;0.81
31559;0.0;0.0
31560;6.28;
31561;5.13;1.06
31564;14.29;
31565;20.68;11.2
31566;6.73;
31569;7.44;
31570;11.89;
31571;;
31572;5.98;2.12
31573;8.26;3.1
31574;5.74;1.67
31576;;
31580;5.23;
31581;5.64;2.32
31582;9.6;3.41
31584;10.27;3.78
31585;8.34;4.28
31587;6.8;3.05
31588;5.42;0.77
31589;7.16;3.28
31592;4.37;
32001;17.87;8.72
32008;;
32012;10.18;5.33
32013;11.49;4.2
32024;18.52;
32027;9.87;4.47
32029;12.9;8.27
32032;16.67;12.02
32036;10.96;4.49
32037;15.91;
32057;;
32070;15.45;
32072;;
32076;12.46;5.92
32079;16.43;8.7
32083;12.15;4.76
32087;;
32095;7.34;
32096;18.3;9.39
32102;17.6;
32106;13.25;5.25
32107;16.57;8.48
32112;8.46;
32117;4.68;
32119;14.11;6.56
32123;9.96;
32125;18.18;
32127;17.47;9.44
32132;12.08;4.78
32147;14.86;6.98
32149;13.05;6.84
32153;;
32155;15.04;7.52
32160;8.71;3.24
32162;13.75;6.45
32165;10.53;
32172;;
32180;9.69;
32188;;
32190;14.87;7.58
32191;;
32196;14.29;
32204;10.3;
32207;10.93;
32208;14.27;7.2
32210;4.75;
32213;8.24;2.2
32218;;
32219;12.9;7.83
32224;;
32229;;
32230;;
32231;8.85;
32233;13.05;4.77
32234;;
32242;14.35;5.94
32249;13.11;4.51
32252;17.37;9.32
32253;16.07;8.33
32256;16.64;7.9
32261;8.85;
32269;15.18;8.33
32274;12.5;
32279;8.68;4.49
32285;10.47;6.54
32286;14.02;6.2
32288;;
32290;14.25;7.42
32296;14.46;7.45
32298;9.42;
32304;;
32307;6.4;2.42
32308;;
32311;15.52;6.32
32316;;
32319;12.27;5.2
32322;;
32326;;
32331;5.42;
32334;4.49;2.64
32335;16.6;9.96
32344;13.65;5.65
32345;12.0;5.33
32359;;
32365;14.02;8.86
32370;12.66;4.71
32371;15.28;
32381;8.04;
32386;;
32394;8.0;
32398;12.85;
32404;12.23;5.59
32407;13.68;
32410;11.02;4.42
32412;14.61;6.43
32416;11.47;
32420;;
32425;6.78;3.18
32426;12.21;6.73
32433;15.03;8.93
32440;9.32;
32450;;
32459;13.86;6.02
32462;16.02;8.6
32464;6.45;3.23
33001;8.96;3.32
33002;12.68;7.56
33003;6.26;1.47
33004;7.86;2.12
33005;5.98;1.54
33009;6.95;1.48
33011;5.86;1.47
33012;3.89;1.5
33013;5.36;0.98
33014;10.56;5.8
33015;9.1;3.97
33017;;
33018;7.19;2.46
33019;5.82;1.17
33021;4.62;
33022;5.82;1.92
33023;4.77;2.12
33029;5.74;1.42
33032;7.12;0.97
33036;11.0;5.31
33037;4.46;1.3
33039;7.52;1.51
33040;9.02;3.42
33042;6.19;1.95
33044;11.36;
33046;9.31;3.85
33049;5.33;1.68
33051;5.29;1.07
33052;8.17;3.04
33056;4.6;1.07
33057;11.24;7.63
33058;15.64;8.27
33060;14.07;
33061;7.79;2.95
33063;11.14;2.51
33064;;
33065;5.82;
33067;15.89;7.87
33069;7.06;1.21
33071;10.44;4.91
33073;12.65;7.06
33075;5.75;0.81
33077;6.39;3.24
33079;8.72;
33080;5.45;1.13
33081;13.24;7.3
33082;7.19;2.61
33083;4.15;
33084;8.44;2.6
33085;5.51;1.6
33088;8.42;4.38
33090;3.94;1.36
33095;9.55;4.48
33096;5.01;0.96
33097;9.48;1.41
33099;6.2;1.91
33100;12.7;7.68
33104;6.35;1.96
33106;7.86;3.25
33108;18.63;9.42
33109;6.04;1.98
33114;10.7;4.13
33118;4.37;1.83
33119;7.91;1.27
33120;9.06;3.44
33122;3.65;0.99
33123;6.91;2.39
33126;7.18;
33129;;
33130;5.98;2.35
33135;;
33138;9.79;3.56
33140;6.74;1.63
33143;6.37;1.64
33144;6.41;3.08
33146;7.22;3.15
33148;;
33149;;
33154;11.46;6.17
33159;10.45;3.87
33162;6.28;0.82
33164;9.35;3.2
33165;6.35;1.39
33166;13.5;5.06
33167;6.08;1.15
33171;;
33172;9.49;
33174;13.14;8.36
33175;8.93;5.87
33176;12.69;
33177;8.54;3.29
33179;8.03;2.66
33182;12.92;6.16
33183;4.95;1.86
33185;6.81;2.41
33186;14.09;9.13
33187;10.04;3.45
33191;9.52;4.76
33192;6.77;1.23
33193;6.2;1.43
33194;12.2;6.78
33195;14.78;6.31
33198;13.43;5.52
33199;6.06;1.15
33200;5.49;0.5
33201;10.14;5.07
33202;6.51;2.04
33203;7.33;1.47
33205;10.71;5.35
33207;4.93;1.29
33212;;
33213;6.97;1.58
33214;5.63;1.17
33218;11.39;6.88
33220;11.27;4.76
33221;10.59;6.1
33224;;
33225;8.6;3.05
33226;9.65;3.57
33227;11.56;3.82
33229;6.08;1.33
33234;7.49;2.48
33236;5.6;1.78
33238;5.23;1.65
33239;7.91;
33240;13.68;6.75
33241;10.0;
33243;11.88;3.91
33248;9.86;4.46
33249;7.66;1.49
33252;2.79;
33256;6.15;1.7
33257;7.34;
33260;6.33;
33261;18.88;12.72
33262;6.8;2.15
33263;;0.0
33264;10.08;5.34
33268;10.44;5.52
33269;11.01;5.96
33271;10.81;
33273;4.27;0.66
33274;4.85;1.49
33279;7.2;
33281;6.51;0.86
33282;;
33284;4.5;0.9
33289;14.11;7.78
33290;18.47;12.02
33293;6.69;1.79
33295;;0.0
33296;11.56;6.79
33297;12.11;6.91
33298;9.86;4.45
33301;11.03;5.52
33303;8.56;3.67
33306;6.43;
33307;7.44;2.21
33311;9.0;3.27
33312;5.84;1.12
33314;14.76;8.08
33315;8.88;3.13
33316;16.52;10.66
33317;8.4;3.73
33318;6.17;0.92
33321;7.05;3.16
33322;3.5;1.05
33323;5.82;2.68
33324;10.71;3.56
33325;13.9;7.81
33327;9.03;3.27
33328;18.77;13.17
33330;5.55;1.37
33332;8.22;
33333;5.46;1.51
33335;;
33336;10.81;3.82
33339;7.94;4.04
33341;8.36;3.74
33342;21.57;15.54
33344;16.46;10.06
33349;7.83;3.21
33350;12.93;6.06
33351;11.44;6.67
33352;16.72;7.83
33355;7.69;3.15
33361;11.32;6.6
33362;7.69;4.01
33363;5.27;1.81
33366;7.82;1.87
33370;10.77;
33372;33.33;
33374;12.79;6.05
33376;3.52;
33377;;0.0
33378;8.79;3.12
33380;12.98;6.91
33381;5.48;1.07
33382;14.67;9.38
33384;19.16;13.41
33387;7.01;2.71
33389;14.14;6.38
33392;16.19;7.98
33393;6.39;2.19
33394;22.17;15.8
33395;16.55;10.11
33397;5.02;1.28
33401;13.92;
33402;22.27;11.87
33412;12.99;7.17
33413;9.65;5.49
33415;6.78;2.15
33417;4.92;1.53
33420;27.37;
33422;4.57;0.69
33423;27.06;21.41
33424;9.28;3.62
33429;7.24;
33433;5.27;1.29
33434;9.22;2.72
33435;10.3;3.12
33436;8.13;4.81
33438;8.63;3.72
33441;8.53;2.9
33442;11.15;6.83
33447;9.28;4.18
33448;4.28;0.92
33449;5.36;0.99
33454;5.42;1.59
33463;11.18;4.38
33465;11.48;6.11
33466;5.88;1.78
33473;9.31;4.02
33474;4.25;1.18
33476;19.96;13.02
33477;11.71;4.05
33478;8.86;2.63
33480;13.76;8.85
33483;6.13;2.09
33484;9.58;4.37
33487;10.53;4.87
33490;7.64;2.88
33492;7.97;2.63
33496;6.02;2.59
33498;6.46;2.61
33501;5.22;1.53
33504;11.11;8.4
33505;7.66;3.32
33506;13.49;6.35
33509;7.28;
33513;15.49;
33514;8.7;2.49
33519;5.07;1.07
33522;8.8;1.49
33523;7.95;3.5
33525;11.72;7.38
33527;5.36;0.87
33529;6.49;1.5
33531;;
33533;6.55;1.36
33535;4.25;1.62
33539;7.38;1.92
33540;7.69;2.31
33541;6.91;2.72
33542;13.4;8.58
33543;12.45;4.74
33544;8.24;2.11
33547;11.28;6.4
33548;7.92;4.13
33550;6.24;0.97
33551;12.74;7.55
33552;5.73;2.17
33553;7.27;
33554;5.96;1.08
33555;4.31;0.91
34001;7.26;2.31
34002;8.24;3.47
34003;8.48;1.87
34008;8.91;3.22
34009;8.77;3.58
34010;8.74;3.57
34013;11.56;3.89
34014;6.86;1.88
34018;9.47;4.89
34019;14.75;8.81
34022;5.92;1.25
34023;7.5;1.25
34024;5.96;1.61
34025;7.62;2.39
34027;5.53;1.84
34028;19.1;9.7
34029;9.77;4.02
34031;9.25;3.41
34032;15.08;5.58
34036;6.92;2.51
34037;8.71;3.03
34038;18.09;10.3
34039;6.4;1.28
34040;;
34043;;
34045;11.88;6.35
34050;5.33;2.27
34051;7.74;2.8
34052;12.61;4.62
34055;18.22;9.35
34056;7.1;3.08
34057;6.42;0.73
34058;5.72;1.49
34063;12.0;4.26
34064;14.56;6.65
34065;9.57;
34066;;
34069;10.07;4.16
34070;11.31;4.88
34071;18.79;11.52
34073;7.13;2.1
34074;11.5;5.47
34075;12.5;7.22
34076;8.4;2.4
34077;4.59;0.94
34078;6.85;2.97
34079;12.23;4.2
34081;7.12;2.76
34082;5.8;
34084;10.83;5.31
34086;13.79;6.07
34087;5.23;1.52
34088;6.66;2.39
34089;8.07;3.28
34090;4.89;0.48
34094;8.96;4.31
34095;6.87;1.71
34096;10.96;2.97
34097;14.29;9.09
34101;12.78;5.27
34103;10.05;4.4
34107;11.31;5.78
34108;7.2;1.76
34109;13.14;7.85
34111;16.85;9.14
34113;6.65;1.88
34114;8.51;2.91
34116;7.99;1.48
34117;23.39;12.39
34119;13.47;5.19
34120;4.58;0.69
34123;7.37;0.8
34126;12.28;3.52
34127;7.91;2.45
34128;10.64;6.02
34129;5.46;0.73
34131;5.06;
34134;6.26;1.69
34135;8.67;2.62
34136;9.92;4.96
34139;7.8;3.71
34140;5.54;1.39
34141;16.97;10.3
34142;15.38;7.1
34143;7.35;1.76
34144;10.7;4.71
34145;7.85;2.15
34146;6.12;2.1
34147;8.96;3.59
34148;7.27;2.48
34149;6.01;
34150;7.46;2.0
34151;6.81;1.83
34154;7.63;1.72
34155;7.46;3.16
34156;;
34157;7.24;2.19
34159;6.94;1.74
34160;10.7;5.85
34161;6.7;3.29
34162;13.87;6.51
34163;5.63;1.57
34164;2.99;
34165;6.74;1.94
34166;8.99;3.75
34169;6.16;1.42
34170;9.38;
34171;;
34172;9.13;1.68
34176;5.56;1.52
34178;11.14;4.38
34179;4.84;1.96
34180;8.78;3.28
34181;10.42;4.17
34182;7.16;3.1
34183;10.62;3.77
34184;8.78;2.93
34185;7.74;4.19
34186;13.5;7.16
34187;18.6;11.39
34189;15.47;7.04
34190;13.03;
34192;8.96;2.46
34194;9.21;2.9
34197;7.28;2.62
34198;5.39;0.88
34199;14.95;5.69
34202;6.19;1.87
34203;7.89;4.04
34204;7.19;2.44
34207;8.17;2.82
34209;6.87;1.67
34210;8.19;2.4
34211;13.31;6.51
34213;6.85;2.37
34215;3.84;
34217;4.52;1.07
34219;12.24;6.93
34223;8.78;3.24
34225;11.62;5.57
34226;14.23;7.16
34227;4.52;
34229;12.8;7.4
34232;11.34;4.22
34235;12.5;5.49
34237;9.93;3.59
34239;7.64;2.3
34240;5.6;1.41
34242;5.07;2.2
34243;11.74;4.87
34244;5.73;1.59
34245;16.2;9.12
34246;8.37;2.56
34247;4.48;0.53
34249;4.6;1.36
34252;18.48;8.33
34255;4.97;0.7
34256;7.72;2.36
34257;12.5;
34259;6.32;2.53
34260;21.49;7.08
34265;;
34270;5.98;1.16
34271;9.31;
34272;5.15;1.49
34274;8.25;3.46
34276;4.54;1.55
34277;11.82;5.45
34281;10.09;3.98
34284;28.24;16.53
34288;7.05;2.64
34289;9.42;2.91
34290;4.52;
34293;11.71;5.82
34294;4.61;
34295;4.65;1.39
34298;6.3;2.1
34299;8.35;2.62
34300;8.65;3.2
34301;9.53;2.71
34302;14.02;8.38
34307;4.58;1.03
34309;4.13;0.76
34310;10.21;3.79
34311;8.01;3.08
34312;8.2;4.37
34314;3.81;
34320;5.7;3.5
34321;4.35;1.09
34322;11.59;6.52
34323;31.43;
34324;8.1;2.26
34325;7.91;3.85
34327;4.88;0.78
34329;8.6;3.02
34332;9.07;2.84
34333;8.73;3.14
34335;9.44;5.24
34336;10.53;3.67
34337;6.34;1.78
34340;4.82;
34341;9.2;3.08
34343;8.65;2.42
34344;6.77;0.94
35001;4.31;0.89
35002;8.19;3.83
35004;14.03;7.68
35006;6.37;1.89
35008;6.99;
35009;9.42;4.41
35010;6.38;2.12
35012;9.73;4.2
35013;9.91;4.17
35014;8.57;3.18
35015;7.11;2.44
35016;6.25;1.43
35017;9.38;3.82
35018;9.72;4.49
35019;12.22;5.97
35021;4.43;
35022;8.98;4.64
35023;5.67;1.77
35024;4.71;0.8
35025;5.8;3.12
35027;6.68;3.28
35028;5.88;
35029;8.99;3.45
35030;10.23;6.14
35031;7.38;3.44
35032;4.16;1.01
35033;5.97;1.67
35034;12.13;6.21
35037;5.54;1.96
35038;3.83;
35039;2.69;
35040;5.4;0.93
35041;3.89;
35042;9.0;4.5
35044;13.66;
35045;16.63;7.84
35046;11.07;6.57
35047;6.05;0.91
35049;6.41;2.33
35051;5.36;0.82
35052;6.31;
35054;4.7;1.78
35055;5.16;0.45
35056;7.29;
35057;9.49;4.81
35058;6.96;3.29
35059;4.35;0.61
35060;5.07;
35061;7.53;
35062;9.0;4.74
35064;14.68;7.79
35065;4.33;
35066;5.25;0.6
35067;4.14;
35068;6.04;1.27
35069;5.68;1.39
35070;7.66;2.21
35072;10.34;5.05
35075;13.64;9.09
35076;4.46;
35078;7.49;2.16
35079;5.67;2.18
35080;4.4;1.5
35081;3.88;
35082;7.64;3.25
35084;7.34;
35085;8.39;3.32
35086;11.41;5.32
35087;6.88;
35088;4.9;1.39
35090;4.66;1.02
35092;9.79;5.83
35093;7.33;2.13
35094;10.01;4.77
35095;10.74;4.52
35096;6.26;1.4
35097;7.28;3.38
35098;10.23;5.58
35099;3.28;1.14
35101;9.92;3.31
35102;11.3;
35104;9.18;4.9
35105;7.02;2.48
35106;12.29;5.78
35107;7.43;2.48
35108;5.48;
35109;5.28;1.46
35110;6.9;3.35
35111;11.44;6.81
35114;14.29;
35115;12.45;3.73
35116;7.17;2.79
35117;12.19;6.38
35119;7.65;3.12
35120;5.89;1.67
35121;7.17;2.35
35122;6.37;1.87
35123;5.94;2.28
35124;10.39;5.74
35125;13.1;4.95
35126;6.21;2.57
35127;7.85;3.75
35128;8.22;2.57
35130;8.12;2.33
35131;4.52;1.19
35132;6.49;2.57
35133;7.58;3.89
35135;6.35;2.6
35136;7.68;3.01
35137;4.9;1.56
35138;5.43;
35139;5.59;1.77
35141;5.86;
35142;10.93;5.11
35143;7.96;3.73
35144;6.91;2.81
35145;10.85;4.86
35146;7.82;
35149;4.22;1.98
35150;5.62;1.26
35151;9.15;6.03
35152;5.94;1.38
35154;10.07;4.64
35155;9.06;3.32
35156;5.95;
35157;13.29;8.31
35161;7.56;2.64
35162;12.93;6.07
35163;10.55;4.0
35164;11.24;5.48
35165;15.0;5.91
35166;5.38;
35167;11.49;4.91
35168;14.23;6.83
35169;8.46;3.1
35170;6.69;
35171;11.85;5.52
35172;9.77;4.02
35173;6.23;1.52
35174;13.09;6.96
35176;9.97;4.9
35177;6.22;1.38
35178;11.17;4.42
35179;6.92;2.13
35180;9.23;4.31
35181;5.06;
35183;7.01;
35184;7.28;2.45
35186;7.49;3.09
35187;5.3;1.88
35188;6.48;1.56
35189;4.55;
35191;11.78;5.17
35192;11.61;
35193;4.03;
35194;4.88;
35195;8.06;3.23
35196;5.92;1.42
35198;9.15;4.73
35200;5.71;
35201;11.99;4.28
35202;12.28;5.15
35203;;
35204;6.06;1.97
35206;5.42;1.0
35207;6.22;1.09
35208;4.86;1.41
35210;4.71;0.78
35211;11.36;5.59
35212;9.26;3.87
35214;9.12;
35215;8.44;4.4
35216;5.76;
35217;12.74;5.97
35218;4.9;
35219;10.17;5.26
35220;6.95;2.14
35221;8.84;4.34
35222;9.85;4.28
35223;9.76;4.36
35224;6.0;2.59
35225;11.27;5.04
35226;10.32;4.85
35227;4.36;0.84
35228;6.83;1.86
35229;5.68;
35230;16.52;9.57
35232;12.68;
35233;8.58;3.8
35234;9.85;5.85
35235;10.43;5.59
35236;11.97;4.26
35237;14.96;8.19
35238;8.58;1.41
35239;10.04;5.14
35240;5.48;1.04
35241;6.96;1.76
35242;16.06;8.72
35243;7.06;2.02
35245;8.05;2.87
35247;10.43;4.92
35248;9.84;5.9
35249;13.62;7.37
35250;4.91;
35251;5.55;1.62
35252;7.94;3.23
35253;7.21;2.24
35255;6.06;
35256;5.42;1.72
35257;9.11;3.56
35258;7.14;
35259;10.69;5.76
35260;7.03;
35263;5.68;1.79
35264;6.05;1.64
35265;7.92;4.05
35266;4.57;0.98
35270;9.35;
35271;19.22;10.58
35272;5.79;
35273;11.62;5.12
35274;5.69;
35275;5.33;1.17
35276;6.18;
35278;5.41;0.99
35279;5.32;
35280;12.84;6.7
35281;5.67;0.82
35282;10.57;5.55
35283;4.56;
35284;5.91;1.62
35285;13.84;8.33
35287;4.77;1.89
35288;7.08;1.75
35290;11.8;7.87
35291;10.07;3.82
35292;15.78;7.42
35294;7.8;3.86
35295;6.75;
35296;7.54;4.92
35297;9.87;3.58
35299;6.28;2.3
35300;11.09;4.03
35302;6.79;3.91
35304;8.16;3.14
35306;6.16;3.08
35307;8.11;
35308;7.87;3.55
35309;10.9;4.63
35310;8.42;4.3
35311;11.99;7.6
35312;7.16;3.08
35314;5.88;2.71
35315;2.87;
35316;14.04;3.76
35317;7.39;
35318;7.67;4.32
35319;4.96;1.9
35320;5.5;
35321;4.89;
35322;7.45;2.64
35324;7.3;
35325;;
35326;8.41;3.56
35327;4.21;1.1
35328;9.91;4.32
35329;12.73;6.23
35330;4.75;
35331;6.24;2.37
35332;10.15;4.91
35333;5.31;2.09
35334;3.86;0.4
35335;9.63;4.2
35337;9.22;3.0
35338;4.93;
35339;10.62;4.92
35340;7.45;5.03
35343;9.77;5.24
35345;8.29;
35347;6.99;2.65
35350;6.99;
35351;4.62;
35352;4.83;1.36
35353;5.36;0.87
35355;9.69;4.11
35356;4.88;
35358;5.28;1.92
35359;10.0;6.05
35360;8.14;2.36
35361;7.22;2.23
35362;6.72;2.07
35363;5.34;1.15
36001;22.81;13.47
36003;11.19;5.13
36004;18.1;9.95
36005;9.36;3.62
36006;17.73;8.71
36007;19.28;12.12
36009;9.83;5.34
36010;18.39;9.03
36012;18.57;11.43
36013;17.01;9.52
36016;15.4;9.75
36017;14.69;8.44
36018;18.53;10.1
36021;11.08;5.66
36023;17.84;
36025;13.35;7.59
36026;11.73;7.49
36031;15.27;7.7
36032;15.93;8.85
36033;10.18;5.31
36034;13.45;5.87
36035;15.88;8.81
36042;18.7;11.11
36043;14.54;8.67
36044;11.97;4.05
36045;18.34;10.6
36046;20.11;11.25
36051;16.41;
36053;15.9;7.82
36055;17.2;8.98
36056;19.2;11.05
36057;9.05;2.94
36058;15.71;6.98
36060;21.32;13.71
36062;15.67;7.74
36063;8.2;3.44
36064;7.38;
36066;14.71;9.12
36068;15.45;7.87
36069;15.0;6.97
36070;16.41;6.58
36071;7.75;
36074;13.61;7.4
36081;16.67;9.33
36084;18.13;9.36
36086;16.24;8.12
36088;15.88;7.55
36089;11.7;
36091;8.91;3.9
36093;16.8;10.43
36094;23.42;14.98
36101;7.88;4.48
36103;13.16;6.24
36105;20.63;11.9
36107;15.73;10.49
36109;8.53;2.78
36113;16.76;9.14
36117;13.64;7.27
36118;19.03;12.15
36119;18.28;11.49
36120;11.35;4.32
36123;17.05;9.13
36124;21.1;15.14
36126;22.84;15.87
36127;11.6;5.69
36128;6.4;2.78
36129;16.05;8.95
36131;18.05;10.15
36134;15.11;11.54
36135;18.96;10.43
36139;15.97;8.6
36140;12.88;6.27
36141;18.14;10.51
36142;8.5;3.1
36143;18.5;12.85
36144;23.16;17.37
36146;21.38;12.76
36148;17.08;9.94
36149;15.02;8.13
36150;16.24;8.12
36152;16.79;9.12
36153;18.28;10.45
36154;10.62;5.01
36155;15.4;8.51
36156;19.43;10.57
36158;12.33;5.28
36159;6.08;2.11
36160;16.83;
36161;20.75;10.28
36162;17.5;10.67
36163;21.02;12.17
36165;13.92;8.02
36166;25.55;16.79
36168;21.33;12.9
36169;20.12;11.54
36171;14.97;8.04
36172;16.09;6.94
36173;16.9;7.76
36176;14.62;7.89
36179;16.19;
36180;16.63;10.37
36182;22.46;13.24
36184;13.46;7.37
36185;18.22;9.29
36186;17.11;8.56
36189;18.33;12.22
36191;13.31;8.75
36192;18.05;11.76
36194;16.75;7.05
36195;11.45;5.39
36198;8.45;
36199;9.0;4.58
36200;14.2;6.85
36202;7.33;3.16
36203;;
36204;21.21;11.26
36207;19.13;9.28
36208;19.59;12.04
36219;12.43;5.62
36220;15.47;7.35
36221;19.34;8.03
36224;18.98;11.39
36226;13.71;5.65
36228;18.46;10.82
36229;13.63;6.67
36230;17.57;8.74
36231;11.97;7.71
36232;15.94;8.41
36233;10.38;5.93
36235;14.29;6.91
36237;15.06;10.04
36241;12.75;6.19
36243;22.17;13.68
36244;17.1;10.43
36247;7.58;3.07
37001;13.05;8.32
37002;6.65;2.53
37003;9.31;3.13
37006;5.71;2.48
37008;6.05;2.04
37009;6.43;
37010;6.81;1.73
37011;8.21;3.54
37012;10.96;6.85
37013;9.59;5.54
37014;10.9;3.67
37015;5.58;2.12
37018;4.98;1.17
37019;15.0;9.12
37020;8.65;2.62
37021;9.13;4.8
37022;8.44;2.86
37024;10.16;3.52
37027;7.52;3.06
37028;16.8;9.39
37029;15.26;5.79
37030;8.26;
37031;12.35;4.64
37034;11.36;5.91
37035;12.78;
37039;12.66;6.55
37040;11.03;
37041;12.64;
37042;13.76;
37043;7.05;2.74
37044;15.38;9.5
37045;11.46;5.55
37046;12.88;4.07
37047;5.54;1.96
37048;16.8;11.6
37049;8.24;3.97
37050;7.22;1.74
37051;9.32;3.11
37052;8.52;3.89
37054;4.41;1.28
37055;10.23;5.12
37057;10.68;4.66
37058;8.11;4.12
37059;5.16;2.07
37060;7.62;4.57
37062;13.02;5.95
37063;14.49;7.49
37065;7.9;
37066;7.86;4.4
37067;7.27;3.04
37068;12.77;4.52
37069;15.76;7.07
37072;11.89;4.7
37073;11.14;4.21
37074;11.3;5.22
37076;4.72;
37077;7.22;2.08
37078;9.87;4.72
37080;13.28;
37081;8.31;3.17
37082;15.61;10.51
37083;8.93;4.09
37085;8.1;3.7
37086;9.38;
37087;11.49;
37089;10.51;5.37
37091;6.33;2.19
37092;7.47;
37093;10.7;4.89
37095;6.51;
37098;6.65;
37099;6.58;
37100;14.57;7.69
37104;6.15;2.0
37108;7.21;
37109;5.14;1.46
37110;7.31;2.17
37111;11.23;6.17
37112;12.64;6.13
37113;15.26;10.9
37115;12.79;5.23
37116;7.42;3.87
37117;9.32;4.77
37118;7.19;3.15
37119;9.66;3.56
37122;7.65;1.37
37123;8.43;4.05
37124;4.81;2.01
37125;10.57;
37126;11.16;6.05
37127;11.54;
37128;9.08;3.76
37129;7.09;2.09
37130;13.05;4.38
37131;9.13;4.78
37132;12.27;4.04
37133;18.42;10.23
37139;5.96;2.22
37140;14.2;7.39
37142;10.98;4.92
37143;8.36;4.32
37146;15.28;
37148;14.29;7.44
37149;12.24;6.53
37150;6.39;2.56
37151;4.74;1.05
37152;5.37;
37153;5.22;2.08
37154;7.3;2.55
37156;6.0;1.67
37157;11.11;5.95
37158;4.45;
37159;4.56;0.9
37161;8.0;4.76
37163;6.65;3.24
37165;7.69;
37166;6.65;
37167;7.37;3.13
37169;3.32;
37170;9.76;5.63
37171;9.02;5.62
37172;4.03;0.75
37173;15.14;8.57
37174;7.56;
37175;8.46;2.76
37176;7.18;3.5
37177;15.23;8.18
37178;11.86;5.65
37179;4.61;1.79
37180;9.41;5.59
37182;4.44;
37183;11.16;3.57
37185;6.35;2.49
37186;6.62;
37187;10.55;
37188;9.29;5.24
37189;18.61;9.38
37191;14.52;
37192;9.29;3.81
37193;9.9;4.81
37194;8.72;3.46
37195;8.98;2.32
37196;19.02;9.46
37197;12.54;5.67
37199;8.15;
37200;10.72;4.74
37201;6.71;
37202;12.0;6.33
37203;8.7;3.99
37204;4.3;
37206;4.98;2.24
37208;6.46;1.52
37210;6.23;
37211;6.16;1.67
37212;7.34;
37213;10.58;5.96
37214;7.01;1.79
37216;10.77;5.2
37217;9.4;4.56
37218;18.16;12.28
37219;7.52;2.51
37220;15.75;7.87
37224;8.63;4.06
37225;7.01;3.29
37226;10.2;3.96
37228;12.0;6.56
37230;7.63;2.33
37231;10.43;5.21
37232;9.41;5.04
37233;8.22;2.54
37234;7.89;
37236;6.56;
37237;1.95;
37238;6.77;
37240;9.78;4.1
37241;9.83;2.85
37242;11.6;4.64
37243;5.62;1.57
37245;6.38;2.34
37247;11.91;6.27
37248;13.41;
37249;9.37;4.53
37250;5.28;2.15
37251;8.72;3.63
37254;8.3;3.07
37256;11.04;
37257;4.08;
37258;8.92;
37259;16.77;8.54
37260;16.27;9.17
37261;10.44;2.25
37263;7.18;2.56
37264;7.14;2.72
37265;9.76;
37266;5.14;1.35
37267;5.31;1.49
37269;14.97;7.64
37270;6.68;2.2
37271;10.89;4.82
37272;6.87;3.35
37273;5.44;1.01
37276;9.38;4.02
37277;19.4;9.29
37278;7.14;3.57
37279;9.04;3.92
37281;10.96;4.77
37282;13.93;6.59
38001;9.4;4.56
38002;5.73;1.72
38003;6.57;2.63
38004;10.21;5.99
38005;10.69;4.97
38006;10.31;4.15
38009;7.28;3.31
38012;8.71;3.02
38013;6.76;2.38
38015;6.32;1.86
38018;11.73;
38019;9.92;3.62
38020;6.83;1.96
38022;7.53;2.63
38026;7.49;
38027;8.67;4.11
38029;7.98;3.37
38030;7.07;2.13
38034;13.07;5.2
38035;6.17;3.29
38037;8.02;4.73
38038;7.26;
38039;3.97;0.93
38042;6.05;2.71
38043;5.19;2.32
38044;5.37;1.6
38045;5.67;1.15
38046;6.73;3.48
38048;5.22;
38051;7.11;2.78
38052;11.42;5.56
38053;10.14;2.42
38054;8.47;2.82
38058;5.99;1.85
38059;5.69;1.7
38061;6.61;2.16
38064;7.4;2.23
38065;8.3;3.82
38067;6.34;2.34
38068;5.16;
38069;10.69;5.34
38070;8.42;3.14
38071;5.18;0.8
38072;11.0;5.3
38075;9.37;5.23
38076;4.71;2.24
38077;7.0;
38078;10.88;5.44
38080;9.85;
38081;6.46;1.91
38082;9.35;3.34
38083;8.14;
38084;7.85;3.28
38085;5.35;1.7
38087;6.14;1.47
38091;7.26;3.79
38094;8.85;3.78
38095;9.31;4.28
38097;5.55;1.6
38098;5.76;
38099;6.65;
38100;5.64;1.99
38101;5.22;
38102;6.62;
38104;8.04;3.94
38105;6.1;1.64
38107;7.66;3.07
38110;6.59;3.0
38111;5.08;0.89
38113;11.17;5.46
38114;5.32;3.23
38115;9.09;5.11
38116;;
38117;8.9;4.45
38118;5.08;
38124;11.54;5.16
38126;7.6;3.57
38127;11.02;
38128;16.87;10.91
38129;4.86;
38130;12.59;4.55
38131;6.72;2.94
38133;5.49;1.45
38135;11.16;6.06
38138;11.28;4.67
38139;5.03;2.17
38140;4.74;1.03
38141;;
38144;5.09;2.62
38147;8.31;
38148;6.46;2.36
38149;7.0;3.11
38150;7.33;2.4
38151;8.16;1.99
38152;9.53;5.14
38153;6.28;
38155;8.06;3.31
38156;8.44;3.8
38157;6.78;2.89
38158;6.47;1.26
38160;6.14;2.53
38161;5.86;3.04
38162;5.38;2.15
38163;6.83;2.98
38169;9.33;2.14
38170;5.8;1.43
38171;9.66;
38172;5.7;1.71
38173;9.02;4.71
38174;10.17;4.8
38175;5.9;0.93
38179;7.95;1.43
38180;6.12;2.86
38181;6.93;3.07
38182;9.22;4.01
38183;;
38184;7.41;2.72
38185;11.61;2.34
38186;7.43;3.5
38187;8.85;4.77
38189;8.34;2.5
38190;8.49;3.33
38191;8.01;2.3
38193;6.77;1.64
38194;6.92;2.62
38195;10.33;5.04
38197;6.91;2.47
38198;7.9;3.77
38199;6.26;2.52
38200;8.52;4.05
38204;15.32;9.46
38205;6.7;1.71
38206;9.13;5.13
38212;18.98;10.31
38214;5.89;1.71
38215;5.96;2.12
38218;7.62;3.01
38219;8.16;
38223;4.39;1.68
38225;6.19;2.09
38226;11.15;5.43
38229;6.56;1.13
38230;3.23;0.0
38231;6.07;3.15
38235;;
38236;9.6;4.13
38237;7.24;
38238;6.99;2.53
38239;8.12;2.73
38240;9.02;
38242;7.3;2.38
38246;6.15;2.66
38247;10.96;4.01
38249;4.97;0.43
38250;6.88;
38252;;
38253;8.71;2.42
38254;10.81;5.41
38256;8.52;3.76
38257;;
38258;;
38259;5.18;
38261;10.07;3.64
38263;10.87;
38265;11.59;5.11
38266;7.69;
38269;15.38;7.53
38270;8.69;2.46
38271;5.11;
38272;11.68;
38275;9.22;
38276;7.81;2.6
38279;5.86;
38280;5.95;
38281;6.4;2.1
38282;7.65;3.32
38285;10.41;
38287;6.39;2.74
38289;17.5;13.15
38290;7.74;
38291;8.57;3.43
38292;7.42;2.98
38296;3.69;
38297;8.45;3.27
38298;12.22;4.48
38300;9.47;
38303;;
38304;11.07;6.32
38307;7.51;
38309;5.53;
38310;5.11;2.55
38311;8.64;3.62
38313;10.49;
38314;7.96;2.77
38315;13.0;5.37
38316;10.93;4.04
38317;8.87;1.82
38318;9.0;2.59
38319;19.55;8.99
38320;8.69;3.99
38323;7.07;2.68
38325;6.41;
38326;6.71;
38332;9.49;4.38
38334;7.5;4.06
38336;7.3;2.47
38337;9.15;3.14
38338;6.82;
38339;5.67;1.92
38340;8.86;3.64
38341;5.19;
38342;7.45;
38343;5.8;1.81
38344;11.53;4.79
38347;16.56;9.34
38348;7.05;2.72
38349;9.16;3.59
38351;4.67;
38352;7.72;3.01
38353;7.85;
38355;;
38357;5.89;1.93
38358;3.67;
38359;9.94;5.64
38363;9.87;3.51
38368;6.94;2.68
38369;7.14;2.38
38370;6.49;
38372;9.29;4.37
38374;6.79;2.45
38375;10.78;
38376;10.6;5.2
38377;7.39;2.91
38378;6.09;2.16
38380;;
38381;5.04;1.97
38382;5.77;0.96
38383;5.55;2.17
38384;10.14;3.65
38386;18.8;5.01
38388;4.6;1.47
38389;7.01;3.25
38390;11.02;6.53
38391;9.79;
38393;6.88;3.3
38394;9.03;3.38
38395;6.64;2.51
38396;8.3;4.98
38397;5.7;1.76
38398;8.48;4.91
38399;7.76;3.21
38400;7.09;2.31
38401;6.23;2.52
38402;5.86;
38405;6.17;3.53
38407;10.56;5.95
38408;5.39;1.71
38409;9.7;4.77
38410;6.63;2.36
38412;10.62;4.7
38413;9.09;5.24
38415;4.45;
38416;11.86;4.58
38417;7.04;
38419;;
38421;8.0;1.46
38422;7.33;2.82
38423;8.82;2.66
38424;13.57;
38425;7.6;3.18
38430;16.18;9.25
38431;5.52;1.71
38433;6.56;2.13
38436;4.19;1.36
38439;8.42;4.11
38442;8.56;2.85
38443;6.85;
38446;10.29;5.42
38448;6.73;2.13
38449;7.22;2.1
38450;7.67;4.31
38451;5.33;1.66
38452;7.34;
38453;8.12;3.58
38454;8.42;2.68
38455;6.14;2.06
38456;11.94;8.36
38457;10.21;4.34
38458;9.15;3.92
38459;3.62;
38462;6.04;
38463;7.93;2.8
38464;7.3;3.03
38465;8.02;3.17
38466;7.46;3.59
38467;5.81;2.1
38468;8.93;4.06
38470;9.33;
38473;8.62;2.2
38474;6.1;1.03
38475;5.85;2.21
38476;5.41;
38478;12.5;7.75
38479;7.96;3.16
38480;6.44;2.7
38481;5.02;
38483;6.84;3.04
38484;6.42;2.1
38485;6.31;1.24
38486;5.17;0.67
38487;6.56;2.96
38490;7.26;2.38
38492;11.08;5.06
38494;7.83;2.76
38495;12.82;7.12
38498;5.13;
38499;10.42;6.43
38501;6.3;1.81
38503;9.08;3.72
38504;6.5;3.77
38505;6.42;
38507;6.24;2.16
38508;4.62;
38509;12.26;4.18
38511;7.89;2.88
38514;12.99;8.23
38515;9.77;4.43
38516;9.93;2.44
38517;11.04;4.57
38518;11.03;6.44
38519;6.97;3.66
38523;10.71;5.01
38524;5.72;1.32
38527;8.64;2.88
38528;6.79;2.65
38529;8.42;3.05
38530;5.66;1.29
38531;7.41;
38536;4.09;1.73
38537;9.97;3.1
38538;4.37;0.82
38539;9.84;4.76
38540;6.39;
38543;8.88;3.7
38544;11.8;3.7
38545;6.99;2.18
38546;7.07;3.03
38547;8.57;2.48
38548;7.27;2.42
38550;5.56;
38553;7.72;1.36
38554;6.22;1.87
38555;7.75;4.35
38557;3.81;1.79
38558;5.62;1.79
38559;10.93;4.96
38560;11.41;5.48
38561;12.81;6.91
38562;13.04;5.14
38563;9.8;2.74
38565;6.08;1.58
38566;7.19;2.9
38567;7.47;1.71
39001;5.8;
39002;;
39009;7.62;3.97
39013;14.16;7.46
39016;16.56;9.22
39017;10.87;6.67
39018;16.55;9.31
39030;8.37;5.2
39035;12.69;5.58
39043;10.25;6.23
39047;11.72;4.99
39056;14.16;5.99
39059;9.66;4.63
39068;14.58;6.25
39083;16.57;
39084;15.58;
39086;12.7;
39096;7.25;
39097;11.96;5.25
39101;8.2;3.11
39104;14.35;9.65
39124;14.19;5.61
39127;;
39128;13.07;5.65
39129;13.59;8.36
39130;9.83;6.05
39131;9.78;5.05
39132;;
39137;8.19;
39141;10.83;
39146;8.87;4.1
39149;11.27;5.88
39150;9.73;2.67
39154;11.27;4.53
39156;10.84;
39160;11.71;7.66
39168;;
39170;7.36;4.57
39171;6.86;2.35
39172;;
39173;14.06;7.03
39176;12.45;6.23
39177;10.79;6.58
39183;7.95;
39184;12.07;
39189;5.47;1.48
39190;8.94;5.56
39193;9.73;6.63
39194;8.66;4.33
39198;10.07;3.47
39199;9.6;3.03
39201;14.67;8.67
39204;;
39209;11.42;7.09
39211;11.63;
39214;;
39216;11.62;5.81
39227;16.67;10.48
39228;10.6;4.7
39230;;
39232;8.17;
39233;10.33;3.92
39235;13.03;6.16
39246;9.22;
39251;11.67;4.58
39252;4.28;
39253;14.15;8.78
39258;11.96;7.83
39269;16.03;
39273;14.88;7.91
39274;10.14;5.43
39275;8.39;4.39
39283;5.2;
39286;11.61;5.76
39289;15.53;7.31
39290;14.77;7.38
39297;13.05;7.6
39300;14.92;6.52
39304;10.66;0.0
39306;8.24;2.49
39307;6.64;
39310;11.95;8.49
39327;7.3;
39328;9.52;4.76
39331;11.64;6.68
39333;15.84;10.11
39335;10.94;
39337;;
39339;15.17;6.95
39352;;
39356;;
39362;11.27;4.94
39364;10.36;5.58
39365;8.68;3.15
39367;12.56;5.13
39368;23.03;13.35
39370;11.47;6.02
39373;15.68;
39380;;
39386;;
39387;11.19;
39391;15.88;7.73
39396;16.05;5.9
39397;17.76;10.07
39399;12.24;
39404;10.63;4.33
39407;11.98;5.07
39411;8.68;2.69
39413;11.84;7.24
39415;8.29;3.96
39423;;0.0
39425;;
39429;7.3;
39431;;
39434;14.46;6.51
39439;11.94;7.1
39441;7.74;2.82
39447;;
39448;6.62;
39451;7.62;
39453;10.19;
39462;8.14;3.73
39470;10.62;3.39
39471;8.03;3.89
39475;16.88;9.31
39476;9.29;5.11
39478;22.79;12.41
39485;16.43;10.0
39487;10.91;4.34
39489;15.05;10.03
39491;9.75;5.38
39494;9.95;
39500;24.82;15.45
39501;9.63;4.3
39502;;
39508;20.76;13.77
39510;17.72;12.21
39517;6.82;
39526;6.86;1.58
39528;7.98;
39530;10.39;6.28
39547;13.04;6.09
39561;12.39;7.26
39573;10.79;
39574;6.75;2.86
39576;8.99;5.39
39579;8.17;4.42
39582;11.33;5.23
40001;11.93;4.62
40002;13.24;6.45
40004;5.84;1.14
40006;14.61;9.82
40013;;
40019;9.01;3.08
40021;7.11;2.03
40026;;
40031;7.92;3.01
40034;7.07;
40035;7.87;
40036;6.63;1.82
40037;6.04;2.37
40042;8.11;
40043;8.85;2.95
40044;11.41;6.85
40046;7.49;1.69
40051;5.18;
40055;6.6;2.67
40056;9.93;4.73
40057;11.72;
40059;7.49;3.1
40060;12.71;
40065;6.68;1.81
40066;6.94;
40068;14.98;9.68
40075;8.66;3.79
40081;6.6;
40082;;
40087;16.39;8.74
40088;11.73;2.98
40089;8.77;4.26
40099;7.28;
40100;15.62;10.27
40101;6.84;
40102;13.21;5.51
40103;7.2;
40105;6.64;
40109;7.69;
40110;10.03;4.18
40111;8.87;3.98
40117;10.57;4.05
40118;14.25;7.68
40119;9.94;4.36
40120;5.83;
40122;6.32;3.05
40125;5.12;1.96
40127;12.66;7.28
40129;7.47;
40131;18.71;10.97
40132;7.61;4.31
40133;5.19;1.09
40134;10.12;3.45
40135;11.28;6.81
40139;6.95;
40142;5.57;2.68
40145;12.7;7.94
40149;14.29;10.15
40150;5.51;1.59
40152;7.54;3.11
40155;7.26;2.98
40156;8.77;4.56
40157;7.34;2.93
40158;23.61;
40167;15.94;9.17
40168;8.6;1.47
40169;13.04;
40176;;
40178;6.37;
40179;5.43;2.09
40180;7.48;4.17
40182;7.61;3.61
40184;8.25;2.61
40187;7.8;3.78
40192;9.7;2.29
40194;9.67;2.69
40197;8.9;4.29
40200;11.33;6.4
40201;10.3;4.53
40202;7.02;2.4
40207;6.25;2.66
40209;5.46;1.28
40210;11.24;5.55
40211;8.1;5.32
40213;6.21;
40217;6.97;2.31
40221;17.88;6.7
40224;12.85;6.63
40227;8.96;5.07
40228;11.76;4.75
40229;7.54;3.05
40230;6.68;2.69
40233;6.87;3.15
40234;8.7;5.37
40235;9.3;4.23
40237;8.1;3.35
40240;9.5;
40243;9.48;4.03
40244;6.54;2.13
40245;12.67;6.07
40246;14.52;8.5
40248;6.2;2.61
40249;7.56;
40250;7.21;
40257;8.34;3.47
40260;7.89;
40261;6.75;2.84
40264;6.35;2.81
40266;6.91;2.53
40267;15.96;10.18
40268;4.85;
40269;7.24;1.97
40271;8.11;3.35
40272;6.48;2.5
40273;5.64;1.29
40274;8.91;4.06
40278;9.17;3.93
40279;7.23;1.75
40280;7.52;2.55
40281;8.9;1.97
40282;9.99;3.55
40283;5.23;1.01
40284;7.3;1.65
40286;11.86;7.08
40287;5.51;1.74
40288;10.16;3.68
40291;3.54;
40292;5.18;2.14
40293;5.73;2.87
40295;9.66;3.69
40296;6.23;1.75
40297;21.65;
40300;6.2;
40303;11.4;6.58
40304;6.31;1.93
40307;11.41;7.36
40309;7.86;3.39
40310;6.88;1.8
40312;5.17;0.96
40313;12.15;4.77
40314;8.03;2.68
40317;5.67;2.17
40320;8.36;3.83
40326;6.21;2.3
40327;13.82;
40328;5.77;2.4
40331;11.11;3.81
40332;6.0;2.52
40333;10.81;6.46
41002;10.06;4.93
41003;7.66;
41007;12.71;6.59
41008;12.62;6.43
41010;13.7;6.64
41018;11.37;3.15
41019;;
41020;14.08;6.5
41022;14.73;
41025;8.07;3.48
41028;13.67;8.2
41029;7.33;3.87
41031;7.83;3.25
41032;6.29;2.31
41035;7.74;
41036;14.11;5.33
41039;11.58;5.0
41040;6.1;
41042;12.26;7.55
41043;9.88;4.59
41044;13.22;6.06
41045;7.51;2.4
41046;12.03;7.74
41047;8.05;2.53
41049;11.72;6.93
41050;12.12;5.42
41053;11.6;6.9
41055;7.84;3.18
41059;11.02;4.9
41060;11.58;6.58
41063;12.89;6.44
41065;10.55;5.08
41067;8.99;4.72
41068;17.03;7.97
41071;13.59;9.71
41073;10.8;4.71
41074;10.78;4.91
41075;10.82;5.5
41078;11.59;5.12
41080;7.99;4.88
41083;11.9;7.14
41084;13.39;7.53
41085;11.48;5.96
41088;15.29;
41090;12.77;
41091;4.0;
41093;10.79;
41095;11.18;4.92
41097;13.77;7.56
41098;13.83;
41099;14.68;7.03
41101;7.75;4.35
41104;7.78;4.01
41106;9.08;3.72
41108;16.44;
41109;11.76;5.61
41110;13.4;8.72
41116;;
41120;12.13;7.04
41121;;
41122;14.29;
41123;10.86;4.93
41125;11.05;4.73
41126;10.41;5.99
41129;10.79;5.54
41131;13.25;6.83
41134;7.55;
41135;16.34;7.43
41136;8.47;2.97
41138;9.32;
41139;14.33;6.6
41140;12.33;5.77
41142;7.44;3.22
41143;15.41;7.26
41146;11.69;6.17
41147;5.95;1.98
41148;6.04;2.8
41149;12.1;5.65
41150;6.9;2.8
41151;15.27;7.34
41152;15.83;7.79
41154;14.68;7.42
41155;7.07;2.6
41157;11.75;5.61
41158;7.55;2.43
41159;11.43;6.0
41161;9.81;4.4
41164;12.32;6.16
41167;8.5;3.15
41171;14.41;8.14
41173;10.36;5.04
41174;;
41175;10.28;3.8
41176;17.33;9.06
41180;9.27;4.19
41181;8.76;3.85
41185;8.02;3.36
41187;;
41194;11.91;4.7
41198;16.46;8.41
41199;10.26;4.1
41204;6.7;2.23
41206;4.93;2.26
41207;8.18;4.09
41209;10.41;3.55
41211;7.92;3.27
41212;6.5;1.72
41213;;
41214;12.24;5.25
41217;9.32;5.08
41220;9.1;4.15
41222;11.64;
41225;11.78;5.75
41226;6.8;2.31
41229;9.54;4.36
41230;4.53;1.35
41231;12.13;6.5
41232;12.27;5.88
41233;9.98;6.8
41235;9.41;4.09
41238;14.75;9.14
41239;9.97;4.23
41241;10.82;5.34
41242;15.22;7.25
41243;8.96;4.91
41247;12.11;6.42
41248;14.84;7.61
41249;11.92;5.6
41250;10.48;6.23
41251;9.2;
41252;6.96;2.74
41253;11.36;
41256;16.31;9.1
41258;12.64;6.53
41259;9.64;4.07
41262;7.52;4.1
41267;10.17;7.79
41269;12.45;4.32
41271;11.59;6.74
41274;14.05;
41275;9.0;3.77
41276;5.32;1.05
41277;13.19;
41280;10.7;5.56
41281;13.51;8.11
41284;;
41287;11.39;
41288;6.65;4.04
41290;16.1;
41292;;
41293;;
41294;9.96;4.31
41295;6.63;2.36
41296;9.85;5.42
41297;13.7;8.35
42001;14.89;8.02
42003;9.78;5.5
42005;9.25;3.14
42010;6.84;2.37
42011;10.72;4.89
42013;7.81;3.61
42015;14.3;8.29
42017;12.36;8.15
42019;15.61;6.81
42020;4.26;
42021;8.21;4.27
42022;6.59;1.98
42023;15.46;8.09
42026;6.44;2.53
42027;13.56;7.8
42029;15.16;8.34
42031;;
42032;6.85;2.68
42033;11.63;7.27
42036;8.94;
42038;13.27;9.44
42039;17.85;10.25
42041;7.22;
42043;5.91;2.61
42044;12.49;6.06
42046;9.18;3.51
42048;7.46;2.69
42052;15.48;6.83
42053;3.92;
42054;16.57;
42056;8.67;3.5
42058;15.08;9.55
42059;9.91;3.89
42061;11.88;7.59
42062;8.72;4.46
42064;6.51;2.86
42065;6.96;2.9
42069;4.25;0.99
42070;9.3;4.54
42071;10.38;3.17
42073;12.59;6.42
42074;14.2;5.68
42076;14.83;8.86
42077;12.84;
42078;16.67;9.52
42079;9.45;4.46
42081;5.96;2.19
42084;18.54;12.08
42085;9.33;5.33
42086;6.61;
42088;7.84;
42091;13.31;8.41
42092;8.47;2.95
42094;10.07;3.38
42095;14.76;5.65
42096;6.14;
42097;9.57;4.16
42099;10.24;4.33
42102;5.93;
42103;8.88;4.09
42104;8.99;4.71
42105;;
42106;20.0;12.22
42110;12.49;5.78
42115;14.37;7.56
42116;15.22;
42118;8.21;4.69
42119;20.66;12.68
42120;6.44;2.98
42122;10.9;6.83
42123;9.83;3.94
42126;11.11;4.59
42127;6.39;2.29
42128;12.62;
42129;8.49;3.81
42130;8.57;
42133;10.74;4.03
42134;8.19;3.65
42136;10.43;5.85
42137;7.29;
42138;9.6;5.63
42139;9.74;5.19
42142;10.28;4.74
42145;13.67;5.04
42147;11.34;4.1
42148;11.15;7.54
42149;7.88;2.32
42151;11.11;5.8
42152;7.73;
42155;8.73;3.92
42156;14.07;6.81
42159;15.28;8.43
42161;5.22;
42163;15.1;9.38
42165;13.62;6.51
42167;11.52;
42168;10.2;4.56
42169;11.73;7.71
42170;8.39;3.46
42172;11.9;5.95
42175;8.13;3.67
42176;6.51;2.17
42177;9.29;4.44
42178;5.39;
42179;5.59;
42180;7.75;3.52
42181;19.2;11.42
42182;10.55;4.95
42183;16.69;8.44
42184;7.3;2.33
42185;;
42186;13.96;6.82
42187;14.13;4.82
42189;7.58;2.66
42191;8.54;4.36
42193;8.56;4.91
42195;18.51;10.73
42197;6.95;2.9
42198;10.54;5.17
42199;6.72;2.52
42200;6.5;2.38
42202;8.46;5.14
42204;24.39;14.1
42205;17.87;11.98
42206;7.09;
42207;12.2;5.06
42208;4.94;2.0
42211;6.59;1.97
42214;7.51;4.74
42215;11.31;5.43
42216;8.27;
42217;16.56;10.15
42218;14.98;5.57
42219;9.18;3.67
42222;7.28;2.98
42223;8.27;2.53
42224;9.95;5.04
42225;6.69;2.57
42227;15.26;7.79
42228;4.49;
42230;17.07;7.88
42231;9.35;3.67
42232;9.75;4.72
42234;6.05;1.8
42237;6.68;2.71
42238;18.5;10.63
42239;7.8;4.24
42240;14.98;8.5
42241;16.32;6.32
42242;5.61;2.11
42245;25.17;15.01
42246;17.47;10.59
42248;19.17;10.65
42249;14.16;7.88
42253;6.26;2.47
42254;11.6;6.91
42256;9.1;3.4
42257;19.46;11.35
42259;6.11;2.57
42260;15.62;9.9
42261;10.45;4.48
42262;12.16;5.97
42264;6.49;2.91
42267;7.68;3.5
42268;14.08;9.18
42270;6.95;3.48
42271;7.61;2.79
42272;10.4;5.2
42275;10.64;3.04
42279;7.93;2.71
42280;9.02;4.31
42282;12.89;
42283;7.29;1.91
42284;7.21;3.07
42285;8.21;2.68
42286;8.52;
42287;17.01;11.08
42288;12.05;7.12
42289;8.86;4.16
42293;9.87;3.8
42295;8.8;
42297;5.52;
42298;12.97;
42299;7.47;3.12
42300;12.12;8.18
42301;10.38;6.58
42302;5.7;1.68
42304;10.66;4.35
42305;7.92;2.77
42307;4.42;
42308;10.88;5.18
42311;7.79;4.67
42316;10.53;4.11
42318;16.54;10.14
42322;11.85;6.46
42323;4.94;0.86
42324;6.41;2.97
42326;12.83;5.35
42328;11.74;6.34
42330;7.2;1.97
42331;9.94;5.25
42332;5.25;1.97
42334;13.7;6.71
42336;11.27;5.99
42338;7.26;2.51
43001;18.12;
43002;10.84;5.53
43003;21.02;13.96
43007;13.72;7.2
43010;8.55;5.65
43012;8.52;2.8
43016;14.62;8.39
43018;11.74;7.32
43020;12.17;5.67
43024;12.46;7.96
43025;10.95;4.66
43032;7.91;3.21
43033;15.72;10.54
43034;11.02;
43038;12.34;6.73
43039;15.32;9.57
43040;17.65;9.02
43041;10.09;3.29
43042;15.24;7.72
43046;7.47;2.44
43047;12.83;7.52
43048;22.01;13.91
43049;12.21;4.84
43051;12.68;6.84
43056;13.13;7.54
43058;7.92;3.33
43062;9.9;3.39
43064;14.58;
43067;16.02;8.23
43070;14.09;9.09
43071;16.11;8.77
43074;8.63;3.84
43077;19.2;11.2
43078;8.73;3.95
43080;22.39;13.42
43084;7.25;3.44
43087;15.64;8.07
43089;11.94;5.19
43091;14.45;10.4
43092;20.06;11.34
43093;17.67;7.52
43096;10.44;5.42
43097;23.91;
43102;12.33;6.02
43110;15.45;9.76
43111;18.05;11.28
43112;16.32;9.3
43113;10.99;5.44
43114;14.13;8.65
43115;17.17;11.6
43118;17.48;10.68
43119;20.78;9.26
43120;17.93;11.26
43124;14.04;8.67
43126;11.73;5.36
43130;14.5;10.06
43132;12.42;7.49
43135;14.17;7.45
43136;14.34;8.46
43137;8.58;3.15
43139;34.88;
43141;13.3;6.52
43142;14.98;11.67
43148;22.82;12.84
43151;17.72;10.63
43152;9.63;6.22
43153;10.17;4.6
43154;22.47;15.54
43156;20.39;13.59
43157;15.96;6.09
43159;13.47;7.56
43162;14.79;8.34
43163;17.81;11.32
43165;15.27;8.86
43166;13.68;8.47
43172;20.0;9.0
43174;11.22;7.55
43177;12.64;6.64
43181;11.46;5.97
43182;20.63;
43184;5.38;1.91
43185;13.6;6.94
43186;21.57;14.81
43188;17.0;11.0
43190;7.98;3.96
43198;19.29;14.57
43199;11.72;6.57
43200;10.85;6.04
43203;16.72;10.94
43205;9.22;4.24
43211;10.58;4.96
43212;16.29;9.22
43213;12.91;5.71
43216;13.23;7.57
43217;15.25;8.47
43223;8.12;3.08
43224;10.89;4.44
43227;11.86;6.28
43229;6.16;
43230;10.17;5.24
43232;15.66;6.57
43234;17.29;11.0
43236;20.99;11.24
43239;18.04;13.0
43241;11.93;8.05
43244;12.96;7.78
43246;20.67;11.01
43250;;
43251;9.62;3.68
43254;14.29;7.14
43256;18.33;13.0
43258;13.22;5.68
43262;15.69;8.98
43265;7.99;2.95
43267;16.39;8.66
43268;11.48;5.66
44001;8.92;4.21
44002;4.52;0.79
44003;6.73;2.04
44005;5.12;1.6
44006;6.2;1.87
44007;9.35;5.52
44009;4.22;0.68
44010;6.5;1.45
44012;4.66;1.15
44013;4.75;1.56
44014;3.83;0.72
44015;7.14;2.03
44016;5.84;
44018;4.62;0.89
44019;6.77;
44020;5.11;0.84
44021;5.46;1.91
44022;7.31;1.53
44023;7.45;3.69
44024;3.99;1.04
44025;6.4;2.83
44026;5.69;1.07
44027;4.34;2.01
44028;7.61;3.18
44029;4.55;1.58
44030;5.33;1.99
44031;12.38;5.71
44032;6.94;2.56
44033;4.46;1.41
44035;5.33;0.75
44036;11.33;4.25
44037;5.26;1.65
44038;5.75;1.66
44041;6.05;1.65
44043;5.82;1.13
44044;8.45;3.78
44045;5.92;1.64
44046;6.09;2.26
44047;5.18;0.9
44048;5.06;2.25
44049;5.79;1.66
44050;6.25;2.9
44051;8.4;3.12
44052;6.23;2.07
44054;8.1;2.85
44055;5.99;1.16
44056;7.35;1.94
44057;9.6;5.04
44058;10.82;5.63
44061;6.8;2.09
44062;7.34;2.52
44063;5.85;2.12
44064;5.82;1.92
44065;14.95;7.24
44066;4.34;0.99
44067;11.59;5.28
44068;8.93;4.49
44069;5.9;1.11
44070;4.62;0.9
44071;3.96;0.53
44072;7.01;2.61
44073;5.89;2.05
44074;7.21;1.82
44075;10.05;5.08
44076;8.04;3.09
44077;7.75;4.74
44079;5.5;1.43
44080;8.44;4.75
44081;9.23;3.13
44082;3.6;0.77
44083;5.79;1.5
44084;7.26;2.23
44085;7.34;3.44
44086;12.62;6.12
44087;7.78;1.83
44088;6.75;1.71
44089;4.76;1.26
44090;5.72;1.5
44091;8.87;3.18
44094;4.69;1.47
44095;7.59;3.31
44096;5.36;1.57
44097;3.57;0.79
44099;10.49;3.87
44100;4.62;1.38
44101;4.25;0.96
44102;6.02;1.29
44103;5.22;1.35
44104;6.61;3.17
44105;12.43;
44107;5.29;
44108;6.27;1.61
44109;9.56;1.54
44110;6.79;1.96
44111;5.95;2.87
44112;11.72;4.6
44113;8.65;3.02
44114;5.72;0.82
44115;6.98;2.29
44116;12.69;3.4
44117;5.81;1.6
44118;7.81;3.4
44120;6.13;1.42
44121;16.6;9.36
44122;5.9;3.08
44123;10.75;3.58
44124;10.54;4.32
44125;4.45;1.07
44126;5.38;1.17
44127;5.28;1.41
44128;7.86;2.87
44129;7.22;1.86
44130;4.27;0.95
44131;5.97;1.56
44132;5.82;0.98
44133;5.96;1.23
44135;6.28;1.56
44136;4.33;0.81
44137;5.42;2.26
44138;7.56;2.73
44140;6.39;2.41
44141;5.55;
44142;4.01;
44143;6.34;0.83
44144;9.0;3.9
44145;6.59;2.69
44146;9.29;4.69
44148;17.32;9.5
44149;6.9;2.53
44150;3.78;0.74
44151;3.76;0.75
44152;6.86;2.68
44153;11.02;4.9
44154;5.89;1.03
44155;5.47;1.15
44156;6.54;2.56
44157;9.91;3.0
44158;6.5;2.06
44161;7.02;2.7
44162;6.41;1.05
44163;4.89;2.23
44165;4.73;1.34
44166;4.23;0.72
44168;8.04;3.04
44169;5.28;1.73
44170;14.04;6.48
44171;3.53;
44172;4.72;0.55
44173;5.36;1.45
44174;6.76;1.96
44175;4.04;1.32
44176;5.98;2.2
44178;4.1;1.02
44179;5.47;2.22
44180;10.97;5.28
44182;4.68;0.93
44184;7.21;1.2
44185;9.99;5.02
44186;5.45;1.68
44187;5.69;1.63
44188;5.66;1.69
44189;5.75;2.04
44190;5.86;0.67
44192;4.87;1.52
44193;9.83;5.56
44194;5.42;0.86
44195;5.07;1.04
44196;8.29;3.98
44197;12.32;7.01
44198;5.46;0.81
44199;12.08;5.7
44200;15.24;7.14
44201;5.01;1.28
44202;7.49;3.27
44203;4.89;
44204;5.43;0.49
44205;5.31;1.86
44206;10.29;4.55
44207;7.1;3.33
44208;10.89;4.0
44209;4.0;0.93
44210;5.81;0.86
44211;4.86;1.21
44212;6.28;1.63
44213;8.68;3.46
44214;6.53;2.95
44215;5.19;0.89
44216;7.49;2.13
44217;4.83;1.55
44218;11.61;6.85
44223;5.05;1.16
44224;5.41;2.06
45002;11.99;5.62
45004;8.43;2.35
45006;9.7;4.64
45008;11.89;4.17
45009;7.27;3.45
45010;8.11;2.84
45012;15.66;
45014;6.17;
45016;12.23;6.75
45017;11.82;
45018;12.65;6.33
45019;6.29;
45024;6.34;2.9
45025;10.06;4.23
45028;9.69;2.99
45029;14.27;7.09
45030;14.95;9.14
45031;11.89;6.25
45034;4.74;
45035;10.14;5.84
45038;5.67;
45039;7.47;
45040;18.73;10.57
45042;8.66;2.89
45043;5.82;2.81
45044;10.89;
45046;6.92;
45049;8.99;3.59
45050;9.06;5.31
45051;8.09;3.99
45053;12.51;5.51
45055;9.31;
45060;10.7;5.72
45061;9.34;3.37
45062;6.2;3.1
45063;17.86;9.37
45064;14.92;7.8
45066;9.3;4.88
45067;6.73;1.61
45068;10.49;4.22
45069;7.52;2.92
45072;3.25;
45073;12.66;8.23
45075;7.0;1.74
45076;9.35;
45077;7.8;4.62
45081;14.79;4.58
45082;9.14;3.02
45083;15.94;7.0
45085;14.3;6.88
45087;15.53;8.62
45089;5.02;0.96
45091;14.0;
45092;5.73;2.66
45093;8.24;3.69
45094;8.86;
45095;17.19;10.76
45096;13.42;8.31
45097;11.59;4.97
45098;7.15;2.38
45103;13.18;7.45
45104;8.53;3.4
45107;18.28;11.29
45108;14.25;7.57
45112;8.95;
45115;13.63;5.27
45119;6.74;1.69
45121;15.24;6.37
45122;11.67;4.73
45123;6.9;1.78
45124;;
45126;5.09;1.62
45127;7.68;2.6
45129;11.66;5.71
45130;5.84;2.37
45133;10.38;
45134;7.79;2.82
45136;9.51;4.08
45138;;
45142;9.04;3.05
45143;;
45145;8.67;3.47
45146;7.73;2.91
45147;8.63;1.45
45148;8.41;4.72
45154;3.8;1.34
45155;13.62;5.89
45162;12.13;6.25
45164;9.63;4.25
45167;5.3;2.2
45169;5.75;1.48
45171;12.96;7.04
45173;6.73;2.31
45174;10.07;
45175;6.75;3.12
45178;14.0;6.35
45179;7.22;2.99
45180;;
45181;;
45182;9.78;4.48
45184;12.39;7.26
45186;11.46;5.9
45187;11.5;4.96
45188;5.0;1.54
45189;8.11;
45191;10.9;4.64
45193;6.6;2.68
45194;6.12;1.99
45196;7.73;3.33
45197;3.32;
45198;8.39;
45199;11.75;4.44
45200;8.29;2.49
45202;7.24;2.94
45203;8.66;3.79
45205;9.72;
45208;16.99;6.9
45210;10.84;4.74
45212;10.58;4.87
45213;11.78;8.57
45222;12.07;5.43
45223;8.85;
45224;6.74;2.59
45226;7.34;3.19
45227;9.74;3.71
45228;9.87;3.44
45229;9.67;4.5
45232;7.07;1.55
45234;10.63;2.37
45235;3.71;1.34
45238;8.66;4.76
45240;10.91;5.3
45242;8.33;
45243;11.68;
45244;9.27;3.28
45245;16.35;9.2
45247;6.99;2.67
45248;9.05;2.84
45251;15.49;9.86
45252;15.66;7.2
45253;8.58;4.63
45254;10.22;3.72
45257;11.99;7.87
45258;9.86;3.54
45259;8.58;4.8
45260;12.6;
45261;4.48;1.94
45263;7.91;
45268;11.52;4.55
45269;5.41;1.94
45270;9.64;3.34
45271;10.54;5.36
45272;6.2;2.22
45273;7.97;2.86
45274;4.95;1.69
45275;8.42;4.04
45278;15.37;8.41
45279;7.85;3.2
45280;8.42;4.71
45281;9.41;3.87
45282;6.29;2.27
45284;7.05;0.95
45285;7.33;1.4
45286;6.91;1.35
45288;10.37;
45289;7.05;3.24
45290;7.89;3.51
45292;14.92;8.17
45293;8.97;3.99
45294;;
45297;7.91;2.07
45298;6.85;1.84
45300;4.21;1.12
45302;5.26;1.19
45305;13.48;
45306;8.15;4.63
45307;7.55;3.77
45308;3.3;1.0
45309;10.83;6.3
45310;9.96;4.69
45313;8.54;2.93
45315;14.45;6.27
45320;8.86;
45321;10.69;3.47
45322;;
45323;25.64;
45324;6.59;2.52
45326;9.88;
45327;5.11;1.35
45329;10.6;5.12
45330;;
45331;9.97;5.41
45332;11.04;3.97
45333;6.48;1.37
45334;7.36;
45335;6.64;2.25
45336;10.0;4.68
45338;7.3;1.74
45340;15.9;8.56
45345;9.16;5.15
45346;10.55;4.9
45348;8.97;5.06
46001;14.35;7.51
46003;25.66;4.47
46007;11.19;5.42
46009;7.36;3.03
46012;16.59;10.58
46015;14.37;7.41
46028;10.18;5.86
46029;11.79;5.19
46033;13.16;7.22
46038;14.69;7.67
46042;13.97;5.26
46044;9.72;5.33
46045;13.37;6.69
46051;6.63;
46058;10.41;5.33
46062;17.97;10.13
46063;13.6;7.64
46064;11.77;6.31
46066;9.37;4.07
46087;11.79;6.07
46088;11.01;4.69
46089;10.45;5.76
46095;10.78;4.31
46102;13.33;5.21
46104;14.29;
46109;9.4;5.33
46118;8.72;3.29
46125;14.69;10.84
46127;13.82;6.46
46128;14.68;7.25
46130;8.44;
46137;8.23;4.04
46138;13.0;6.81
46139;15.91;
46143;15.21;5.93
46145;12.42;5.81
46148;7.16;3.76
46149;7.75;4.39
46156;13.97;7.63
46160;22.29;11.75
46162;10.74;
46163;23.13;11.39
46164;;
46165;8.08;
46170;9.34;4.03
46172;9.67;4.84
46173;12.54;6.95
46176;8.96;3.87
46177;7.52;4.26
46182;12.63;6.46
46185;11.15;5.57
46187;10.22;4.3
46191;8.47;2.7
46195;14.48;8.14
46196;14.94;
46197;8.35;3.27
46201;17.84;11.4
46203;17.04;
46204;11.97;5.28
46211;12.57;
46215;12.1;7.06
46216;9.59;5.97
46218;14.29;
46220;10.56;3.52
46224;8.46;2.76
46225;13.2;5.62
46228;7.23;
46229;12.1;4.08
46231;16.79;7.42
46232;14.7;6.52
46239;8.43;
46240;14.21;10.61
46251;14.29;6.33
46259;11.01;
46260;10.87;
46262;15.56;9.7
46263;10.26;5.33
46267;8.76;3.65
46268;12.76;5.87
46281;8.96;
46282;;
46283;11.64;
46286;13.68;
46297;13.89;8.11
46301;9.01;4.5
46309;15.76;7.46
46311;15.74;10.34
46312;9.36;
46317;11.03;6.41
46321;14.16;
46322;6.25;2.78
46330;13.96;7.66
46332;6.82;
46334;7.64;3.92
46340;10.84;
47001;16.23;5.64
47002;19.4;
47004;14.01;6.91
47005;12.89;6.29
47011;;
47013;12.85;
47015;13.46;7.66
47021;15.24;6.58
47023;16.02;7.18
47025;16.58;6.52
47031;9.54;4.24
47032;8.61;4.06
47034;13.89;
47040;8.11;3.24
47042;;
47043;19.94;12.83
47048;16.6;9.01
47049;13.7;7.44
47051;14.85;10.43
47052;14.8;6.9
47053;14.51;
47054;13.2;6.98
47057;20.38;10.74
47060;12.22;7.04
47064;10.34;
47065;17.9;8.24
47068;8.46;4.88
47069;10.62;5.59
47077;12.4;6.6
47078;18.1;10.61
47081;9.97;6.04
47086;13.95;7.15
47089;16.83;
47091;6.7;2.56
47094;13.77;7.16
47100;6.68;2.65
47101;9.28;4.56
47102;13.9;6.95
47103;16.08;
47106;18.86;11.1
47110;10.94;5.75
47119;16.83;9.16
47125;14.87;8.21
47127;13.82;7.49
47131;5.57;
47137;9.57;5.38
47138;13.21;6.22
47141;10.88;
47142;15.69;7.66
47143;13.38;7.21
47145;11.16;5.11
47147;16.11;9.93
47151;10.71;6.17
47157;12.54;4.99
47159;13.62;6.61
47165;16.01;9.55
47167;18.76;12.43
47168;15.52;7.79
47169;6.41;3.04
47173;19.29;10.86
47175;14.8;6.72
47179;14.81;7.8
47180;11.07;
47185;11.08;4.87
47193;20.35;
47195;14.54;7.24
47201;8.7;2.79
47203;11.35;4.75
47209;6.74;2.62
47210;14.27;9.37
47213;12.48;6.33
47215;8.65;4.01
47217;15.35;7.68
47225;4.79;2.0
47232;11.61;5.65
47233;12.24;5.34
47235;11.35;5.32
47236;;
47238;8.38;4.06
47239;13.67;7.43
47242;19.1;14.04
47246;11.28;5.99
47251;9.14;
47252;13.4;7.15
47257;5.34;
47267;11.66;
47269;8.13;5.5
47278;14.33;7.96
47280;9.66;4.39
47283;12.52;6.69
47285;9.56;3.36
47290;10.48;3.89
47292;17.63;9.05
47297;13.68;
47300;10.13;5.42
47301;14.72;7.9
47302;24.9;14.09
47306;13.89;7.72
47310;12.47;4.7
47312;16.85;9.76
47316;8.33;3.4
47317;17.56;10.75
47318;20.13;12.77
47321;8.9;
47323;12.69;4.63
47324;16.12;8.22
47326;7.22;3.37
48001;12.27;
48002;12.38;8.67
48009;13.08;8.23
48010;12.85;6.43
48012;18.25;13.1
48015;11.11;4.13
48017;10.81;6.49
48018;10.79;3.37
48019;16.09;10.0
48021;11.81;
48027;14.23;8.06
48034;15.32;8.72
48038;13.93;8.51
48039;13.85;6.37
48042;7.05;4.63
48043;18.89;12.59
48045;8.3;
48050;8.06;4.79
48051;12.01;7.24
48053;13.17;9.24
48056;11.42;6.3
48059;11.9;
48061;9.59;4.12
48064;12.98;8.07
48070;12.65;6.55
48074;7.8;
48075;11.01;4.85
48080;18.18;9.61
48081;9.84;
48086;8.86;4.05
48087;16.81;
48088;10.65;
48090;15.53;8.86
48092;20.75;11.94
48094;11.59;5.67
48095;13.56;5.71
48096;13.73;7.66
48097;10.0;
48099;10.84;5.47
48103;9.31;5.4
48104;13.58;8.41
48105;10.12;
48106;15.79;
48115;12.23;
48116;10.6;4.96
48119;12.14;7.99
48126;18.37;11.08
48127;14.2;10.1
48128;8.75;4.96
48131;12.12;
48132;16.24;9.26
48136;10.61;
48137;7.72;
48139;11.57;
48140;15.56;6.98
48144;9.31;3.79
48146;12.65;7.49
48147;12.5;7.41
48148;14.84;8.72
48152;9.6;
48155;9.41;4.51
48156;13.46;6.15
48161;;
48168;20.13;11.69
48173;9.21;
48174;19.11;10.19
48178;7.56;
48188;19.4;12.69
48190;15.91;
48194;11.0;5.5
48198;18.05;11.59
49002;7.92;2.97
49003;7.03;3.52
49007;9.58;1.97
49008;10.17;3.47
49012;13.33;
49015;5.6;0.54
49017;9.69;
49018;11.59;5.27
49020;4.23;0.71
49021;7.47;2.21
49022;7.91;3.7
49023;6.22;1.72
49026;7.19;2.05
49027;4.36;
49029;6.1;3.05
49030;9.32;4.66
49035;5.09;1.22
49036;9.63;4.04
49041;5.7;2.46
49045;10.7;5.54
49048;4.67;0.96
49050;5.71;1.65
49053;9.27;
49054;11.12;4.34
49055;3.52;
49057;;
49058;7.06;
49060;8.69;3.39
49061;14.22;7.6
49063;7.45;1.81
49064;12.73;6.36
49067;12.82;
49068;8.31;4.55
49070;8.33;4.32
49076;6.55;
49080;7.85;3.01
49082;4.18;
49086;8.55;3.62
49089;5.92;
49090;9.03;4.72
49092;6.81;2.24
49099;7.95;1.51
49102;14.88;7.74
49107;13.69;
49109;8.7;3.09
49110;5.98;1.74
49112;7.74;
49120;6.0;2.1
49121;14.54;9.69
49123;5.57;1.68
49125;7.92;3.33
49126;7.03;2.35
49127;12.04;5.05
49129;4.94;1.37
49131;7.2;3.46
49132;6.97;3.03
49135;6.11;2.4
49138;8.41;3.91
49140;13.56;6.33
49155;6.8;2.51
49160;6.82;2.7
49163;9.11;4.14
49167;5.64;2.33
49170;10.38;5.82
49174;8.67;3.99
49176;7.36;2.06
49178;14.25;8.21
49180;9.44;4.22
49182;8.02;2.83
49183;8.22;2.87
49188;7.3;3.09
49192;5.74;1.42
49193;5.97;1.71
49194;5.74;1.56
49195;3.92;
49200;4.79;1.29
49201;6.6;1.74
49205;8.46;3.23
49211;6.68;2.43
49214;3.9;
49215;8.71;3.27
49217;6.79;
49218;7.67;2.67
49219;12.57;6.43
49220;9.44;4.0
49221;14.34;8.64
49222;3.37;
49223;4.52;0.75
49224;4.61;2.31
49228;15.97;8.27
49231;4.03;
49240;9.81;3.97
49241;3.48;1.09
49244;7.45;2.61
49246;5.69;1.33
49247;4.96;2.34
49248;10.23;3.96
49253;11.71;5.7
49257;6.63;
49259;6.93;2.93
49260;6.97;2.56
49261;8.19;3.54
49266;6.13;
49267;5.56;0.95
49269;3.64;
49271;6.79;2.26
49272;7.06;2.48
49278;5.83;1.41
49283;5.04;1.21
49284;7.18;
49292;7.02;2.56
49294;3.5;
49298;3.68;0.95
49299;2.59;
49301;5.43;1.6
49302;11.52;5.07
49306;3.12;
49307;5.23;1.49
49308;4.33;
49310;9.19;
49311;3.86;
49323;4.3;1.28
49326;3.72;
49328;11.41;3.81
49329;7.91;2.14
49330;5.33;
49331;8.57;2.65
49332;5.03;1.36
49333;7.62;2.54
49334;10.97;
49336;10.99;4.83
49338;4.75;
49339;5.14;
49341;11.58;5.79
49343;5.26;1.04
49344;4.29;
49345;6.56;2.12
49347;7.16;1.84
49352;3.38;
49353;5.06;0.71
49355;6.17;1.42
49358;9.54;4.61
49361;7.84;2.54
49364;10.33;3.5
49367;5.51;1.54
49368;10.37;4.76
49369;13.01;5.62
49370;5.39;
49371;7.34;2.53
49373;10.26;4.53
49374;9.49;2.89
49377;5.16;1.26
49378;7.77;2.32
49381;7.75;3.39
50002;8.52;2.47
50003;6.58;2.28
50004;13.79;4.98
50021;;
50025;10.01;2.83
50027;6.14;2.88
50029;18.88;10.59
50030;9.6;3.66
50031;6.92;2.07
50032;6.07;
50036;;
50041;6.79;2.82
50048;8.7;
50049;11.94;5.57
50058;6.84;2.42
50066;4.99;0.91
50074;12.56;6.24
50076;6.09;1.7
50082;9.86;3.71
50085;7.23;3.13
50087;6.82;2.14
50090;18.07;11.34
50092;9.09;4.11
50095;9.26;4.81
50098;9.18;3.93
50099;11.06;4.03
50102;5.03;1.61
50106;10.34;
50109;8.28;2.5
50110;10.6;3.85
50111;14.06;3.91
50112;14.29;5.71
50129;9.45;2.45
50139;5.79;1.97
50142;7.01;2.34
50144;18.29;12.0
50145;8.59;
50147;11.71;3.86
50151;8.87;4.32
50152;15.58;
50158;15.61;9.25
50159;10.96;4.65
50164;10.42;3.1
50165;5.94;1.45
50166;9.27;
50167;8.52;4.34
50168;8.1;3.57
50177;10.0;
50178;7.68;3.84
50184;8.76;4.13
50188;8.64;3.11
50196;9.27;4.19
50197;12.16;4.78
50200;17.25;11.32
50209;7.76;3.07
50215;7.88;3.56
50216;10.14;
50217;10.97;6.27
50218;9.01;2.4
50227;15.0;
50228;10.81;5.69
50231;6.14;1.83
50236;10.38;3.88
50237;14.41;4.22
50239;7.23;1.37
50243;9.62;4.49
50246;;
50252;8.02;3.33
50256;14.44;8.57
50260;16.87;8.48
50267;9.46;3.61
50272;7.71;2.7
50273;9.63;4.15
50274;13.67;7.12
50279;9.64;4.64
50281;9.11;4.24
50288;7.86;2.31
50289;11.31;4.17
50292;10.06;4.06
50294;11.02;6.07
50297;10.79;4.48
50332;7.51;3.22
50341;9.96;3.32
50342;5.63;2.73
50349;7.34;2.05
50353;28.95;
50356;12.14;5.17
50359;15.19;8.37
50362;13.79;
50363;9.89;4.33
50364;8.29;3.37
50371;14.07;7.04
50378;12.12;4.96
50389;10.08;
50390;;
50391;11.6;6.75
50393;11.42;4.57
50394;13.91;5.19
50400;11.22;4.77
50402;8.01;2.47
50403;7.6;3.41
50407;8.06;3.92
50409;11.88;5.03
50410;11.64;5.15
50412;7.84;2.89
50413;12.85;5.9
50417;10.21;3.95
50419;7.94;2.96
50420;9.42;4.5
50421;6.44;
50425;5.98;
50428;14.55;7.12
50429;7.01;2.75
50430;;
50431;14.48;7.07
50433;6.56;2.41
50435;9.12;4.56
50436;12.5;7.18
50437;17.27;10.46
50444;6.87;3.52
50446;6.83;
50448;12.96;6.61
50453;10.57;5.16
50455;10.53;4.43
50456;17.5;9.72
50463;11.51;6.58
50468;7.72;
50471;5.51;
50474;16.95;10.73
50475;9.07;3.46
50481;6.28;1.97
50483;9.5;4.75
50484;15.75;8.29
50487;12.48;6.39
50488;10.7;
50490;6.84;
50491;;
50492;9.69;3.73
50493;6.06;2.29
50496;7.16;3.07
50499;12.04;5.02
50500;13.76;8.56
50502;11.93;3.13
50506;7.36;
50509;10.06;5.78
50510;7.23;
50523;11.59;5.91
50525;17.47;9.67
50531;11.57;5.14
50532;6.41;1.66
50535;13.49;6.1
50539;15.62;7.03
50542;17.03;7.61
50546;8.45;3.6
50550;10.73;5.06
50551;11.36;4.17
50553;13.94;7.27
50554;6.82;1.81
50562;8.83;3.04
50564;9.98;3.89
50565;8.74;3.23
50568;6.44;
50570;19.26;12.84
50571;;
50576;8.12;2.11
50579;8.23;3.16
50582;14.13;5.93
50585;7.94;3.5
50587;;
50588;5.35;
50591;18.36;10.09
50592;13.29;6.2
50597;8.66;3.9
50601;10.69;4.08
50603;7.61;3.38
50606;12.22;5.56
50612;9.38;3.41
50615;9.38;2.26
50616;8.0;3.3
50624;8.26;
50629;11.79;5.38
50639;14.22;5.97
50643;8.35;2.55
50647;4.49;
50648;5.18;3.14
51001;;
51007;11.17;5.68
51009;11.55;5.65
51015;;0.0
51018;9.09;
51027;13.39;
51028;15.21;9.84
51029;15.18;7.53
51030;13.16;5.67
51032;13.11;8.24
51043;5.89;1.84
51044;6.84;
51045;;
51046;3.62;
51050;14.14;
51051;;
51052;5.28;
51054;4.74;
51055;4.83;1.01
51057;;
51058;7.55;1.63
51061;;
51062;;
51066;;
51074;5.93;2.29
51075;7.11;3.23
51077;13.19;
51078;5.26;
51079;13.6;7.53
51083;;
51087;;
51090;11.11;
51091;;
51098;17.91;
51105;7.4;1.92
51108;12.85;4.67
51109;;
51115;4.43;
51118;4.89;
51119;10.47;5.81
51122;19.7;
51127;18.33;
51134;13.33;
51136;15.4;7.82
51137;16.3;
51142;7.89;
51146;;
51150;;
51151;;
51152;9.9;4.44
51153;12.05;5.61
51160;5.24;
51161;8.72;4.94
51162;11.75;6.28
51164;25.0;
51165;9.89;4.37
51166;;
51171;5.76;2.72
51172;5.12;1.16
51176;15.91;
51182;20.0;
51183;6.04;
51186;;
51187;;
51191;;
51193;7.34;3.48
51196;12.62;5.74
51197;;
51198;10.19;5.86
51204;13.03;6.82
51210;9.78;5.3
51211;;
51213;0.0;0.0
51217;13.93;6.37
51228;;
51229;;0.0
51230;14.71;6.03
51231;8.12;4.55
51234;8.01;
51236;17.05;
51237;12.93;6.91
51238;15.28;9.72
51242;5.88;2.09
51248;13.68;5.97
51250;10.47;4.44
51251;11.65;
51252;15.65;8.63
51260;;0.0
51262;8.4;2.07
51267;;
51272;21.26;13.39
51276;;
51278;;0.0
51281;8.54;
51282;5.92;1.84
51287;12.72;7.73
51290;8.66;
51292;17.14;
51298;10.21;
51302;;
51303;8.75;
51308;7.19;2.51
51310;;
51319;;
51325;;
51328;6.58;3.95
51329;5.72;2.15
51333;12.19;7.71
51334;5.94;
51338;11.2;8.0
51339;7.53;
51343;10.45;4.52
51344;6.2;2.48
51346;15.15;6.65
51352;11.61;
51353;;
51361;23.44;
51367;12.16;7.53
51372;;
51379;6.67;
51380;14.59;8.09
51381;11.61;6.55
51388;8.0;3.16
51389;10.98;3.18
51391;5.42;2.09
51395;;
51396;13.19;
51398;15.15;
51404;;
51413;7.97;3.62
51415;14.56;
51416;16.62;8.62
51420;;
51422;7.69;
51423;12.15;5.59
51431;9.6;5.34
51432;12.25;5.41
51434;5.88;
51437;;
51438;;
51440;6.98;2.92
51442;23.26;
51449;4.15;
51452;;
51453;6.76;3.28
51454;12.5;3.04
51457;15.14;9.38
51458;;
51461;9.46;5.41
51464;7.69;
51466;;
51472;12.53;9.84
51474;8.06;3.08
51475;;
51477;;
51483;5.24;
51490;13.19;
51492;12.39;5.29
51503;;
51504;9.9;4.57
51506;7.81;2.54
51507;16.87;7.75
51513;14.83;8.47
51514;;
51515;9.3;
51518;7.66;
51525;3.39;1.17
51531;17.99;10.57
51534;16.1;
51535;17.75;9.52
51536;9.39;2.45
51537;13.21;
51538;;
51543;;
51544;13.19;6.59
51545;11.27;5.63
51548;12.69;
51559;12.69;5.22
51560;;
51562;5.41;1.41
51571;7.59;3.45
51572;;
51573;7.3;2.13
51576;12.91;6.62
51579;;
51580;14.29;
51586;13.48;
51590;13.04;
51591;13.1;
51595;23.33;
51601;;
51602;;
51603;;
51612;13.42;7.38
51613;11.66;8.22
51614;11.35;7.17
51616;;0.0
51620;14.0;
51621;11.36;
51624;5.36;
51625;11.38;
51628;;
51629;27.22;12.58
51631;9.35;
51636;12.92;8.15
51640;16.83;
51646;;
51647;9.11;5.57
51649;16.85;8.1
51650;;
51660;3.69;
51662;5.27;1.0
51663;11.36;4.24
52008;18.31;9.84
52017;20.9;11.94
52019;21.43;
52023;16.42;
52033;16.22;
52035;20.16;
52037;13.9;7.49
52043;;
52050;12.29;6.21
52057;;
52058;11.87;6.71
52060;26.81;16.87
52061;23.47;11.73
52062;13.33;
52064;15.13;10.29
52074;21.08;11.62
52076;10.75;
52079;21.83;9.14
52083;17.61;9.59
52090;26.98;
52093;10.54;4.09
52099;14.06;6.63
52104;7.03;3.12
52114;13.93;8.71
52116;;
52118;10.97;
52119;8.07;
52121;11.24;3.91
52123;11.84;4.77
52125;7.16;3.8
52140;16.39;10.69
52155;11.44;4.25
52156;13.55;6.54
52163;11.83;
52164;20.25;
52171;19.23;
52175;10.65;
52177;18.31;9.4
52178;27.36;18.4
52179;;
52182;11.66;4.62
52185;16.25;
52187;29.41;17.65
52190;18.93;8.88
52194;12.53;5.15
52197;18.73;10.85
52201;;
52203;;
52205;13.39;8.47
52211;14.02;7.37
52212;15.07;
52213;21.24;
52214;;
52231;;
52237;23.87;11.61
52242;15.61;8.6
52246;9.34;
52248;10.64;4.26
52249;19.1;
52250;23.06;14.71
52253;17.44;
52265;10.46;2.53
52267;;
52269;14.96;6.83
52272;22.47;
52273;18.45;
52289;16.56;9.82
52292;11.18;6.07
52294;8.73;4.22
52297;10.14;
52298;25.76;
52301;;
52305;14.39;9.85
52306;16.38;10.17
52308;12.0;
52312;;
52320;24.19;
52331;16.49;8.2
52332;13.3;7.77
52347;;
52348;17.66;8.08
52349;11.41;
52350;15.66;
52352;;
52353;13.63;5.97
52370;15.57;
52371;22.99;
52378;;
52385;33.33;
52388;19.29;9.29
52390;22.64;
52392;17.65;
52398;13.44;7.87
52401;14.71;8.82
52405;15.49;8.07
52411;11.14;6.03
52414;12.79;7.87
52421;11.54;
52422;16.67;
52423;12.09;7.69
52425;17.02;
52426;29.21;
52428;;
52432;14.09;8.15
52440;12.18;
52442;10.34;
52444;16.46;9.76
52448;13.82;4.93
52449;7.68;3.56
52453;;
52455;12.59;
52456;12.06;5.08
52457;;
52461;15.68;8.65
52464;27.08;
52475;;
52479;14.89;7.29
52490;15.52;6.36
52492;8.13;
52500;6.51;
52504;17.59;9.72
52511;;
52512;15.02;9.44
52515;;0.0
52516;;0.0
52522;8.7;
52524;24.12;15.29
52529;12.64;6.81
52534;7.17;1.55
52535;11.04;5.05
52540;;
52546;;
52550;16.02;9.39
53001;6.23;1.56
53003;12.69;6.17
53005;9.06;2.49
53007;4.05;0.99
53008;8.11;3.76
53009;10.77;4.38
53010;9.95;
53015;8.85;4.05
53016;14.1;7.78
53017;9.95;4.52
53018;8.23;3.66
53025;9.46;4.3
53029;13.06;5.33
53033;;
53034;3.11;0.74
53036;11.2;6.45
53039;9.06;3.58
53040;11.07;5.7
53042;12.26;6.77
53046;;
53048;11.47;5.49
53051;12.35;7.23
53053;18.8;11.68
53054;5.11;1.25
53055;15.86;7.26
53056;6.28;3.01
53057;19.31;13.45
53061;12.28;5.7
53062;9.66;3.74
53063;8.33;
53064;14.39;6.46
53066;9.74;
53071;11.19;6.64
53072;6.27;
53073;8.87;5.42
53074;8.99;3.97
53077;7.36;2.24
53078;3.77;
53082;5.06;
53084;10.34;4.25
53086;9.22;4.1
53088;11.48;5.52
53094;5.62;2.41
53096;13.55;5.51
53097;10.41;3.78
53100;14.88;7.1
53101;8.1;3.63
53103;5.24;
53104;4.54;2.02
53107;12.3;4.32
53108;11.26;
53109;12.3;8.09
53110;12.16;5.86
53111;10.97;5.06
53113;13.97;9.5
53116;14.09;6.5
53118;18.58;
53119;4.62;0.59
53120;17.53;10.06
53121;15.54;9.78
53122;11.71;5.85
53123;11.9;5.52
53124;8.52;2.9
53125;15.14;8.68
53126;15.72;8.13
53127;13.64;6.97
53130;9.62;2.32
53132;19.08;10.4
53133;19.18;11.73
53135;10.57;
53136;4.71;
53137;5.68;1.61
53140;5.12;1.2
53144;11.67;6.1
53145;11.48;4.92
53146;6.29;1.97
53147;11.4;4.65
53150;8.31;2.92
53151;12.64;5.76
53152;11.34;4.56
53154;14.47;7.02
53155;9.88;5.02
53157;5.21;
53158;7.57;2.45
53161;11.49;5.42
53163;7.81;
53164;19.68;10.97
53165;;
53168;9.11;2.79
53172;;
53175;5.93;
53176;14.71;8.5
53177;12.82;
53181;11.58;
53182;8.09;1.57
53185;17.44;9.33
53186;6.72;2.49
53188;12.26;5.51
53190;16.67;6.5
53193;9.13;
53197;10.05;3.27
53200;3.05;
53201;7.02;1.41
53202;18.78;8.16
53203;9.02;
53204;17.89;10.88
53206;;
53208;12.59;8.84
53209;7.23;
53210;10.53;4.51
53211;12.99;5.67
53212;8.63;
53213;11.85;6.3
53218;12.39;5.41
53219;8.64;3.43
53220;7.19;
53224;7.81;
53226;12.2;4.61
53228;11.98;5.09
53229;7.14;3.1
53230;16.38;9.6
53238;18.18;8.82
53243;5.76;2.18
53245;13.44;7.71
53246;14.58;6.92
53247;8.4;2.51
53249;16.0;8.3
53250;13.13;
53253;8.81;
53255;9.77;5.97
53257;11.86;
53258;9.32;5.04
53259;12.35;
53260;8.59;
53262;7.41;2.67
53265;11.81;5.32
53267;12.87;7.76
53269;14.91;8.39
53271;12.16;5.51
53273;8.09;2.7
53276;12.7;7.26
54009;;
54010;10.42;
54023;9.49;
54025;6.77;2.26
54028;14.6;7.67
54029;10.31;3.34
54032;;
54037;;
54038;11.91;5.21
54039;19.43;10.69
54040;14.37;8.67
54041;;
54043;6.92;2.43
54045;;
54051;5.86;2.93
54054;12.26;6.0
54060;7.17;2.84
54061;9.84;4.33
54065;8.06;2.63
54067;10.57;5.15
54074;;
54076;7.18;2.46
54077;20.43;13.8
54079;8.13;3.7
54080;10.12;4.67
54084;9.98;4.88
54090;7.14;1.24
54095;;
54098;;
54099;10.83;4.25
54105;9.09;3.85
54108;15.85;
54111;6.42;2.34
54113;6.55;2.23
54115;8.33;2.79
54118;10.14;5.07
54123;8.48;3.23
54129;22.16;13.76
54135;6.37;1.96
54136;10.19;3.77
54139;;
54149;8.88;2.22
54150;7.02;2.6
54152;6.64;2.24
54157;8.08;2.78
54159;8.49;2.74
54160;6.55;
54165;10.18;
54167;7.23;2.64
54171;5.87;3.14
54174;6.51;2.36
54176;11.21;5.61
54182;14.13;8.15
54184;8.12;2.5
54186;7.93;2.51
54189;12.59;5.4
54195;;
54196;8.99;4.01
54197;5.72;
54199;10.55;
54205;10.19;3.69
54208;8.47;
54214;4.63;
54215;10.06;2.72
54220;24.0;
54222;10.62;5.06
54226;15.79;
54227;8.07;3.29
54232;7.13;3.06
54234;7.32;2.71
54251;19.75;
54252;12.3;
54253;8.24;
54254;7.36;3.19
54257;4.28;1.02
54261;14.05;6.38
54263;11.41;5.43
54265;4.63;1.18
54268;13.64;
54270;10.33;3.66
54273;12.07;4.23
54274;9.91;2.74
54276;5.79;
54277;12.43;6.49
54279;9.3;3.1
54280;13.16;5.41
54284;16.67;5.81
54286;6.43;2.43
54289;;
54295;12.27;5.0
54300;7.49;2.89
54303;8.72;
54304;10.39;2.82
54305;9.97;5.49
54306;10.45;
54314;6.07;2.19
54318;7.01;2.59
54321;13.88;7.04
54322;14.37;6.41
54323;12.87;5.05
54328;4.25;1.04
54329;15.25;6.48
54331;14.2;
54332;9.3;2.33
54336;5.28;
54339;8.2;2.28
54351;8.9;3.46
54352;10.87;5.91
54353;6.95;3.36
54354;;
54357;10.53;3.16
54362;10.31;3.59
54366;5.42;
54371;6.96;2.51
54380;6.99;
54382;11.11;5.02
54383;6.53;3.84
54385;6.16;2.84
54391;10.31;4.15
54392;;
54393;18.47;10.1
54395;13.11;3.37
54397;7.73;2.04
54399;14.39;
54400;8.28;3.1
54413;;
54414;6.18;
54415;8.76;3.19
54420;;
54423;14.03;6.79
54425;13.59;6.8
54426;14.04;7.37
54427;;
54428;12.04;4.86
54430;8.64;2.47
54431;14.62;7.25
54432;9.83;3.41
54439;3.9;
54447;;
54451;10.04;4.86
54459;5.07;1.66
54461;;
54462;8.32;3.24
54463;;
54465;10.77;3.69
54468;;
54472;7.47;
54482;9.07;2.41
54483;10.49;2.46
54490;4.48;2.72
54493;11.58;3.65
54495;4.58;0.87
54498;4.19;1.21
54508;;
54511;;
54513;10.53;5.85
54518;20.04;10.78
54519;7.78;
54521;12.9;5.52
54526;6.86;2.16
54528;12.51;4.96
54533;7.47;3.18
54534;7.66;
54536;13.62;6.53
54542;8.03;2.76
54546;8.75;4.38
54547;9.41;1.68
54548;10.57;
54549;10.76;3.7
54557;4.41;1.72
54559;12.5;
54561;;
54563;13.4;7.85
54575;7.96;3.24
54578;6.56;1.45
54579;;
54580;11.41;3.36
54584;5.11;2.44
54585;12.61;5.88
54589;;
54596;7.3;
54602;;
55009;10.16;
55010;10.39;4.19
55011;13.33;
55029;18.42;9.75
55040;19.25;
55043;8.39;3.21
55045;6.77;
55046;;
55049;11.88;
55063;13.71;5.01
55078;14.29;
55084;;
55087;27.27;
55097;15.15;8.48
55100;;
55102;7.79;
55116;;
55117;14.0;6.58
55119;;
55122;15.25;7.43
55124;13.17;
55125;9.35;4.67
55129;;
55132;10.99;4.69
55138;;
55141;;
55144;15.81;
55145;14.66;7.17
55150;18.02;8.48
55154;6.79;2.31
55158;11.85;6.69
55163;;
55165;11.43;4.9
55166;6.41;2.85
55167;22.0;9.78
55169;9.35;
55181;12.53;5.63
55184;11.11;4.82
55186;7.17;3.31
55197;;
55198;13.57;7.96
55204;;
55215;22.86;13.52
55220;;
55224;7.72;
55236;10.34;6.16
55248;22.94;12.94
55251;26.79;
55253;12.27;7.57
55258;14.42;10.26
55262;23.19;13.04
55267;;
55268;8.96;4.1
55274;11.66;
55279;16.14;6.28
55288;12.44;5.47
55291;17.42;10.11
55296;9.92;4.2
55302;9.01;3.24
55322;;
55324;16.88;12.42
55333;;
55335;11.93;
55340;14.46;
55344;;0.0
55346;17.37;
55348;25.29;14.18
55351;17.49;10.37
55364;13.51;6.75
55366;9.01;4.4
55369;7.46;
55374;22.03;
55398;9.13;4.22
55404;10.96;
55409;;
55416;16.79;
55427;12.27;6.35
55435;6.91;
55442;15.57;
55443;10.74;
55463;22.88;14.44
55467;10.23;5.11
55485;;
55488;13.1;
55490;22.47;8.81
55492;12.0;5.87
55496;9.24;5.46
55498;10.24;
55500;10.18;4.44
55501;7.14;
55502;22.88;13.34
55505;7.69;2.65
55506;;
55508;8.07;
55514;6.92;
55516;19.23;7.37
55517;13.06;7.09
55519;18.64;12.63
55520;9.27;
55527;12.59;5.78
55532;13.79;
55533;18.81;10.63
55541;8.54;
55543;7.42;2.55
55545;14.93;6.31
55551;14.33;7.95
55553;9.68;4.29
55555;;
55561;26.67;
55563;;
55566;11.3;
55573;9.77;3.53
55582;;
56001;6.53;2.69
56002;7.22;2.32
56003;5.14;1.19
56004;8.71;3.06
56005;4.47;1.22
56006;10.84;5.13
56007;8.04;2.18
56008;4.37;1.52
56009;5.21;1.37
56010;10.1;3.99
56011;10.13;4.92
56012;6.76;
56013;6.04;1.8
56014;10.42;5.58
56017;9.65;4.72
56018;5.49;1.55
56020;6.25;2.75
56021;5.4;
56022;6.5;3.18
56023;6.67;2.43
56024;14.34;7.17
56026;14.21;7.82
56027;8.96;4.66
56028;11.22;6.03
56030;7.75;1.68
56031;8.34;2.91
56032;8.96;3.54
56033;10.7;5.52
56034;6.12;1.55
56035;14.91;9.65
56036;5.11;0.87
56039;11.15;5.19
56040;6.11;2.42
56041;11.06;5.62
56042;6.48;3.24
56043;15.07;8.7
56045;11.82;4.55
56046;6.86;2.74
56047;11.33;5.2
56048;14.99;8.68
56051;9.25;2.75
56052;4.76;1.3
56053;7.91;2.85
56054;6.5;1.65
56055;8.05;1.74
56057;12.75;6.96
56058;5.86;2.02
56060;10.7;6.96
56061;10.55;4.47
56062;6.86;2.03
56063;3.8;1.0
56066;13.78;7.01
56067;6.74;2.21
56069;6.27;2.73
56070;12.3;5.87
56071;9.61;4.51
56072;10.24;
56073;17.6;9.59
56074;8.46;4.01
56075;9.48;4.01
56076;14.66;7.06
56077;8.11;3.09
56078;6.72;1.29
56079;10.81;4.65
56080;16.1;8.78
56081;16.78;10.17
56083;7.21;1.66
56084;5.19;
56085;;
56086;5.78;
56087;5.64;2.34
56088;4.97;
56089;11.01;5.83
56090;7.04;2.12
56091;12.72;5.6
56092;10.11;3.45
56093;13.32;8.23
56094;6.0;2.13
56096;7.02;3.34
56097;7.07;2.85
56098;6.66;1.36
56099;16.9;8.31
56100;14.2;8.39
56101;7.79;3.17
56102;11.57;6.87
56104;12.17;7.64
56105;15.56;9.41
56106;7.14;2.6
56107;6.5;1.56
56108;6.98;3.02
56109;4.6;1.75
56110;17.0;9.49
56111;9.14;3.61
56112;12.05;5.84
56114;4.8;1.77
56115;4.21;
56116;5.43;2.18
56117;10.98;4.62
56118;6.59;1.9
56120;6.29;1.86
56121;9.52;1.99
56122;13.2;7.19
56123;10.4;5.13
56124;10.7;4.35
56125;9.76;4.78
56126;8.23;3.69
56127;13.71;7.4
56128;14.79;7.55
56129;19.76;11.84
56130;4.53;1.49
56131;12.36;5.84
56132;5.48;
56133;6.01;3.09
56134;16.35;10.71
56135;8.27;3.94
56137;4.28;1.25
56140;9.98;4.71
56141;10.98;4.99
56143;6.85;2.04
56144;11.61;5.57
56145;15.99;9.35
56146;10.63;4.59
56147;7.74;2.82
56148;8.17;2.76
56149;6.9;3.08
56151;9.5;4.67
56152;7.5;2.11
56153;7.88;4.54
56154;9.73;5.31
56155;5.17;1.79
56157;8.52;2.48
56158;5.55;0.99
56159;7.3;3.6
56160;12.81;7.34
56161;5.58;2.12
56162;5.49;1.42
56163;16.2;9.01
56164;4.8;1.01
56165;9.09;3.0
56166;7.82;3.38
56167;4.07;1.55
56168;7.12;1.87
56169;5.49;1.74
56170;15.33;9.83
56171;9.94;4.86
56172;11.81;5.91
56173;10.96;5.5
56174;7.61;3.3
56175;6.59;2.9
56176;5.87;1.56
56177;7.48;3.16
56178;12.83;5.37
56179;6.05;2.07
56180;10.25;5.0
56181;7.14;2.64
56182;16.04;8.23
56184;7.65;2.3
56185;4.5;1.12
56186;7.0;2.22
56188;12.05;4.82
56189;10.62;5.13
56190;10.72;5.46
56193;5.69;1.65
56194;7.89;4.11
56196;9.77;5.51
56197;8.74;3.79
56198;10.22;6.02
56199;17.38;9.2
56200;11.03;7.08
56203;15.07;7.64
56204;17.04;8.94
56205;4.0;1.94
56206;5.78;1.44
56207;11.62;5.95
56211;10.36;4.58
56212;9.46;5.1
56213;9.94;4.57
56214;4.33;1.19
56215;7.25;2.17
56216;10.67;4.89
56218;8.88;2.69
56220;5.14;2.3
56221;9.69;3.74
56222;9.28;4.03
56223;11.19;4.8
56224;13.33;5.24
56226;7.38;
56228;6.67;2.41
56229;13.09;5.87
56230;15.62;9.61
56231;4.9;1.52
56233;5.36;1.44
56234;5.39;1.57
56237;8.86;3.81
56238;15.14;6.69
56239;8.09;3.4
56240;5.74;1.5
56241;6.02;2.74
56242;16.67;9.04
56243;5.8;1.4
56244;8.76;3.92
56245;15.64;8.47
56246;7.8;2.92
56247;5.35;2.42
56248;5.17;1.88
56249;10.41;5.5
56250;10.88;5.0
56251;6.41;1.78
56252;6.2;1.91
56253;11.88;6.48
56254;9.29;4.29
56255;4.3;1.28
56257;15.88;8.87
56258;5.62;1.69
56259;4.99;2.2
56260;8.42;1.7
56261;4.88;
56262;5.32;1.46
56263;6.31;1.68
56264;14.4;6.4
57003;14.23;7.31
57008;10.71;
57011;7.39;
57012;14.83;6.08
57017;5.89;1.88
57019;6.96;2.08
57021;9.21;3.69
57022;7.51;2.08
57026;7.29;2.8
57027;;
57028;6.77;3.31
57031;;
57032;10.18;3.75
57038;9.54;3.77
57039;5.81;
57041;8.21;3.01
57043;5.96;
57046;10.6;4.24
57047;8.88;4.02
57048;;
57049;9.84;3.36
57056;;
57058;19.82;9.2
57061;10.08;4.07
57067;5.09;1.7
57072;9.43;4.53
57082;8.07;
57086;10.09;
57089;18.5;8.22
57091;8.33;5.04
57096;7.8;3.85
57097;11.56;4.79
57102;5.15;2.06
57104;5.9;2.48
57106;19.18;11.12
57110;15.2;9.8
57111;5.22;
57112;;
57123;9.26;4.38
57124;8.6;3.83
57125;;
57127;;
57130;;
57132;17.83;7.15
57134;7.36;3.14
57139;10.87;
57140;5.65;
57142;;
57143;10.89;5.29
57144;10.89;5.57
57145;;
57146;8.1;5.03
57152;10.65;5.7
57153;5.68;1.31
57155;7.04;3.44
57156;4.8;
57159;6.37;2.34
57160;10.55;4.05
57162;3.8;
57163;11.08;5.09
57171;9.94;5.38
57177;17.59;9.3
57179;6.58;2.48
57191;5.45;
57193;5.16;2.15
57203;11.04;
57205;9.0;2.97
57206;8.17;2.49
57207;14.12;6.66
57209;10.99;4.69
57210;21.07;10.91
57211;5.35;
57213;10.77;7.03
57215;12.17;
57218;3.92;
57219;6.3;
57221;9.2;3.28
57224;8.25;3.19
57226;12.09;5.62
57227;13.43;5.79
57231;;
57234;7.19;
57240;12.67;6.28
57242;6.26;2.83
57245;4.86;
57247;;
57249;;
57250;10.44;5.28
57254;11.56;6.22
57256;6.38;
57260;7.93;3.15
57261;8.25;4.38
57263;5.81;
57266;;
57267;10.19;6.48
57269;5.91;1.79
57275;11.13;7.49
57282;12.21;
57283;8.83;2.86
57287;4.87;1.88
57288;7.95;3.16
57289;8.63;3.1
57297;;
57301;11.9;5.71
57303;10.32;4.98
57306;10.93;3.77
57312;;
57314;8.57;
57317;;
57318;;
57323;7.82;2.8
57332;14.51;7.53
57336;9.42;3.77
57343;7.83;2.17
57344;8.55;4.42
57350;6.78;3.92
57351;3.46;
57356;7.16;
57368;17.15;8.6
57370;6.97;2.82
57372;5.47;
57379;11.2;
57382;6.97;2.61
57390;12.13;8.0
57412;8.83;2.8
57413;10.38;5.97
57414;17.34;5.6
57415;5.52;
57427;17.7;6.78
57428;7.21;2.97
57433;7.43;1.76
57434;14.91;9.21
57441;7.04;3.32
57443;6.64;1.96
57447;4.62;0.92
57448;14.62;
57449;;
57452;4.63;
57455;12.79;
57456;7.83;4.7
57460;6.6;3.69
57463;10.84;3.31
57464;6.31;
57465;6.67;3.12
57469;9.07;3.33
57474;11.95;4.96
57477;9.95;5.34
57480;9.3;2.66
57481;7.77;2.8
57482;6.11;2.63
57483;18.42;11.05
57487;8.11;2.78
57488;10.25;5.3
57489;;
57491;10.84;4.31
57498;6.77;1.57
57499;6.42;2.99
57500;0.0;0.0
57501;;
57508;12.83;5.84
57511;9.22;4.3
57512;;
57515;8.22;2.94
57521;6.98;1.9
57529;9.07;3.39
57531;8.65;
57534;5.97;2.58
57537;11.17;5.2
57539;;
57540;10.25;4.4
57542;8.81;4.83
57545;4.94;2.13
57546;5.62;
57548;4.44;
57553;;
57556;11.84;6.19
57557;11.16;6.11
57562;5.73;
57564;15.73;8.31
57565;12.26;6.93
57566;6.27;1.94
57572;9.43;4.81
57575;4.32;
57576;7.4;4.06
57582;8.18;3.12
57588;9.27;5.24
57589;11.78;5.05
57591;10.11;4.02
57593;5.37;
57597;13.04;5.71
57598;4.14;
57599;;
57601;6.57;2.02
57602;4.29;1.29
57603;9.84;4.63
57606;11.94;4.59
57610;;
57613;;
57615;13.67;9.39
57616;8.32;3.02
57618;9.81;5.38
57619;20.62;16.49
57620;6.93;2.87
57622;6.83;2.41
57623;14.96;8.23
57624;6.02;
57628;11.5;5.6
57630;12.63;4.86
57631;12.91;5.71
57634;4.47;
57638;8.69;3.69
57639;9.03;
57642;8.81;2.64
57645;4.59;
57647;9.39;4.45
57653;;
57655;8.59;4.63
57659;8.08;4.19
57660;12.16;6.23
57662;;
57663;7.17;2.4
57666;8.13;2.3
57668;8.56;3.08
57669;12.52;7.57
57672;10.01;3.29
57677;5.41;
57678;6.58;2.03
57679;6.03;
57683;9.27;3.26
57690;7.31;2.91
57696;7.14;2.65
57707;7.24;
57708;4.26;
57712;13.99;7.31
57716;7.57;3.31
57724;7.97;2.68
57731;8.9;3.46
57732;12.24;7.14
57734;;
57740;10.18;6.53
57741;19.63;12.96
57743;;
57745;9.47;5.07
57751;8.42;4.63
57752;6.1;3.23
57756;;
57757;8.72;2.69
57764;7.89;2.9
57765;5.59;
57767;4.04;
58002;14.44;7.14
58003;12.13;5.89
58004;17.96;11.15
58010;16.74;9.96
58024;16.12;
58025;15.38;
58030;16.3;11.59
58037;12.77;6.55
58041;21.64;11.7
58046;17.22;9.29
58051;7.61;4.65
58054;;
58055;11.96;7.61
58057;11.91;6.56
58059;17.53;10.03
58062;29.2;14.86
58064;14.96;9.25
58065;20.9;14.03
58072;11.46;5.73
58079;25.99;15.4
58080;18.5;10.4
58083;21.09;10.5
58085;19.38;12.79
58086;16.7;8.2
58087;13.6;7.89
58088;7.34;2.11
58095;17.52;8.56
58096;14.18;8.05
58102;16.0;9.53
58104;12.83;6.28
58105;18.75;
58106;13.61;8.64
58108;;
58109;20.0;11.53
58110;12.71;
58115;20.0;11.11
58117;14.91;6.31
58118;19.08;10.31
58121;10.34;4.51
58126;9.13;
58131;13.6;5.13
58134;15.36;8.24
58138;11.65;6.31
58144;17.82;11.11
58145;20.74;14.76
58146;20.59;11.93
58148;16.29;8.47
58149;16.58;9.43
58151;16.86;8.31
58152;13.57;6.93
58160;6.79;2.76
58168;18.24;11.07
58180;15.64;8.69
58182;19.88;11.28
58185;13.97;7.22
58190;26.58;19.62
58193;13.69;4.88
58194;18.9;8.83
58205;14.01;8.32
58212;11.79;6.15
58214;13.57;7.27
58215;16.71;10.75
58218;18.48;10.7
58220;16.27;10.61
58223;18.89;10.83
58225;24.88;17.05
58227;18.5;9.5
58232;15.83;8.82
58238;7.55;3.25
58246;19.97;9.66
58250;11.79;4.7
58264;20.31;12.35
58267;29.02;12.62
58269;17.93;12.07
58271;18.8;
58272;20.59;
58273;7.21;2.97
58278;9.51;5.48
58285;20.67;11.73
58286;21.97;12.53
58298;7.35;
58300;8.61;3.18
58303;7.84;3.17
58304;19.91;11.59
58309;13.77;7.21
59002;9.12;3.51
59004;7.02;3.51
59005;4.2;1.45
59007;7.93;
59008;11.31;4.29
59009;6.86;1.22
59011;6.34;1.65
59012;10.76;5.16
59013;4.16;
59014;13.79;5.49
59015;10.72;2.87
59016;3.5;
59017;10.34;3.03
59018;7.95;2.6
59019;5.53;
59021;5.79;
59022;5.79;2.01
59023;8.82;
59024;9.62;3.91
59025;4.71;
59026;10.12;5.36
59027;6.86;2.63
59028;7.98;2.37
59029;6.94;2.81
59032;10.09;3.94
59033;10.72;3.02
59034;4.03;
59035;10.07;3.12
59036;26.55;12.38
59037;10.11;3.83
59038;7.47;3.35
59039;7.31;
59041;8.31;2.81
59042;5.36;
59043;7.28;1.96
59044;5.32;1.16
59046;7.28;
59048;7.58;
59050;7.93;
59051;8.73;2.68
59052;5.9;2.15
59053;10.57;4.39
59054;7.52;
59057;7.66;
59059;7.66;
59063;11.76;4.6
59064;7.27;
59065;12.0;6.86
59067;9.4;2.31
59068;12.28;5.82
59071;7.16;2.59
59073;;
59074;8.89;3.41
59076;14.81;
59079;8.3;3.19
59080;6.09;2.59
59081;9.66;
59082;5.61;
59084;7.16;3.32
59086;5.46;2.58
59087;4.05;
59088;5.07;
59089;7.38;3.53
59090;5.2;1.06
59091;6.96;
59092;9.24;3.31
59094;9.75;3.15
59096;6.78;2.74
59098;4.52;1.02
59099;8.14;4.14
59102;8.67;
59103;8.18;
59104;7.16;2.97
59106;5.19;
59107;7.14;1.99
59109;4.05;
59110;3.53;
59112;9.39;3.79
59113;6.88;
59114;6.78;3.03
59115;12.61;4.8
59117;8.28;2.99
59118;8.82;3.9
59120;5.84;2.39
59122;14.3;5.47
59124;4.88;
59126;6.68;2.28
59127;;
59128;13.85;8.01
59129;6.9;3.11
59130;8.38;3.68
59131;5.43;0.89
59132;9.49;3.31
59133;3.86;
59135;10.99;5.45
59136;15.81;7.26
59139;13.15;5.92
59143;5.92;1.22
59146;4.22;
59148;11.56;
59149;9.02;4.22
59151;10.33;5.03
59152;5.45;1.45
59153;14.99;7.57
59155;6.3;1.36
59156;5.37;
59157;15.15;9.0
59158;6.93;2.53
59159;;
59160;10.4;4.6
59163;8.23;2.03
59164;;
59165;5.94;1.24
59166;6.01;2.19
59167;12.77;
59168;8.53;2.95
59170;11.32;3.56
59171;0.0;0.0
59172;15.83;6.8
59173;5.07;1.84
59174;;
59177;12.18;4.92
59178;14.22;5.48
59179;7.17;2.72
59180;5.06;
59182;;
59183;9.22;2.62
59185;6.79;3.99
59187;12.5;
59189;4.12;
59190;8.81;2.86
59192;5.99;
59193;5.94;1.61
59194;10.47;3.61
59195;5.44;
59196;6.99;
59197;5.65;1.46
59198;13.91;
59200;9.18;
59201;;
59202;4.97;0.99
59203;5.53;2.61
59205;8.89;2.95
59206;9.71;3.69
59207;8.97;2.89
59208;;
59210;6.86;2.7
59211;7.23;3.18
59212;6.22;1.65
59215;6.09;
59216;6.79;
59217;;
59218;12.76;6.79
59220;6.9;1.59
59221;10.29;2.51
59222;5.95;2.27
59224;10.55;3.88
59225;10.18;4.16
59226;18.43;11.47
59227;8.17;3.18
59228;5.28;
59229;7.14;
59230;10.63;3.06
59231;10.77;4.78
59233;13.38;
59234;10.7;4.26
59237;7.34;2.99
59239;7.17;1.96
59240;;
59241;13.82;5.28
59242;7.01;
59244;8.23;3.21
59247;5.58;
59249;16.41;7.91
59250;5.47;
59252;6.18;1.57
59253;9.76;3.63
59256;7.95;3.48
59257;5.04;2.31
59258;6.83;2.75
59260;5.87;2.0
59261;14.89;6.95
59262;8.2;3.09
59264;12.15;3.31
59265;7.63;3.13
59266;4.94;1.16
59267;11.76;
59268;7.47;2.44
59269;8.13;1.95
59271;5.16;1.6
59272;8.83;3.33
59273;9.65;2.76
59274;11.84;6.14
59275;4.94;
59276;8.37;5.23
59278;5.0;1.33
59279;7.76;2.67
59280;9.53;4.42
59281;5.99;
59283;5.28;
59284;8.79;4.0
59285;10.56;4.68
59286;7.15;1.61
59288;8.67;2.54
59289;10.55;4.62
59290;;
59291;12.49;5.43
59292;8.36;1.98
59293;7.5;2.83
59295;8.54;2.76
59299;5.2;1.01
59301;7.63;3.7
59302;8.74;3.08
59303;5.49;
59305;7.24;2.92
59307;7.56;
59308;8.16;3.57
59309;7.73;2.45
59312;13.78;7.92
59313;6.6;2.72
59314;5.89;2.11
59316;5.37;1.32
59317;6.85;1.97
59318;8.0;2.59
59319;3.77;1.64
59320;5.13;
59322;9.7;3.26
59324;11.45;4.89
59326;5.83;2.91
59327;7.9;2.32
59328;6.85;1.24
59329;9.31;3.63
59331;12.09;4.5
59332;11.2;3.46
59334;5.46;
59335;7.3;2.65
59336;9.21;3.37
59338;;
59339;4.86;1.0
59340;7.31;1.98
59343;5.16;0.85
59344;9.29;2.24
59345;8.54;4.09
59346;5.4;0.9
59348;7.94;2.17
59350;12.31;3.05
59352;5.62;0.88
59353;12.5;
59356;4.9;1.48
59357;6.8;1.82
59358;7.45;4.28
59359;5.93;2.03
59360;9.66;2.16
59361;12.38;5.27
59365;15.05;7.47
59367;6.21;1.35
59368;8.85;1.66
59369;8.65;2.96
59374;6.83;
59375;7.54;2.8
59377;11.05;5.17
59378;7.1;1.21
59381;7.69;
59382;11.29;6.69
59383;9.92;3.89
59384;9.85;5.08
59385;9.75;3.48
59386;5.74;0.83
59387;6.23;1.9
59388;5.31;
59389;8.29;3.39
59390;7.55;2.69
59391;9.18;5.1
59392;12.61;4.15
59395;13.57;
59398;4.37;1.06
59399;5.69;
59400;8.0;2.69
59401;5.63;1.81
59403;5.48;
59405;10.0;
59407;8.08;
59408;4.49;1.77
59409;7.83;2.76
59410;7.86;1.86
59411;6.77;2.06
59412;12.58;
59414;6.45;1.93
59416;8.12;3.37
59418;9.11;3.35
59419;8.61;2.82
59421;6.38;1.33
59422;9.61;
59423;5.95;
59424;13.09;5.93
59426;4.01;0.72
59428;8.16;2.28
59429;8.37;3.62
59431;5.88;1.65
59433;5.61;
59435;7.98;2.8
59436;6.42;3.07
59437;4.65;
59438;3.83;
59440;9.79;3.36
59443;;
59444;9.86;3.77
59445;7.52;2.57
59446;6.36;
59447;10.75;4.66
59448;8.02;
59449;9.01;2.59
59450;8.72;5.03
59452;10.18;2.28
59453;5.4;
59455;8.9;5.71
59456;7.43;2.71
59457;6.08;1.12
59458;4.72;
59459;6.7;2.35
59462;6.73;1.9
59463;9.23;3.99
59464;9.08;2.77
59465;8.36;3.86
59466;6.53;1.67
59467;10.16;4.7
59470;3.69;
59471;6.58;2.5
59474;14.25;6.91
59475;8.08;4.04
59476;5.38;2.24
59477;6.35;1.91
59479;8.45;3.34
59481;12.28;5.38
59482;5.93;1.37
59483;;
59484;13.01;5.53
59485;8.59;3.44
59486;7.69;2.8
59487;4.44;
59488;7.08;2.97
59489;7.04;2.14
59491;10.75;4.43
59492;7.27;
59495;8.98;3.38
59497;7.11;2.74
59498;8.75;
59499;6.24;2.04
59501;6.01;
59502;11.6;5.98
59504;9.02;3.31
59505;6.97;
59507;7.04;1.27
59508;4.86;0.8
59509;5.84;1.77
59511;6.15;2.09
59512;13.72;5.32
59514;11.83;3.78
59515;9.66;4.62
59517;10.29;4.41
59519;7.0;2.51
59520;8.67;2.94
59522;4.02;
59523;6.38;1.59
59524;6.09;1.65
59525;12.42;4.39
59526;11.26;4.92
59527;6.81;1.43
59528;11.67;6.89
59532;15.18;
59533;9.5;4.82
59534;13.48;7.87
59535;6.4;2.44
59536;3.23;0.0
59538;8.98;
59541;8.7;4.57
59543;9.09;5.86
59544;9.31;3.82
59546;5.65;3.04
59547;12.81;6.03
59548;7.51;
59550;6.87;2.35
59551;5.27;2.41
59553;4.46;0.83
59554;;
59555;13.13;6.19
59557;7.42;2.11
59558;9.9;5.14
59560;6.99;2.28
59564;11.21;5.56
59566;4.06;
59568;;
59569;9.25;3.01
59570;5.64;
59571;13.35;5.36
59572;15.93;6.85
59574;9.8;3.43
59575;;
59576;4.73;
59577;5.02;
59578;6.13;2.85
59579;6.06;
59580;8.93;3.92
59581;6.4;2.46
59582;5.71;
59585;6.54;1.13
59586;7.31;2.4
59587;5.94;
59588;4.51;0.93
59589;8.79;3.64
59590;6.05;3.27
59591;8.38;
59592;5.3;1.52
59594;7.74;2.58
59597;7.44;
59598;4.0;0.93
59599;9.6;2.82
59600;4.02;
59601;12.83;5.08
59602;6.41;
59603;11.25;4.66
59604;13.99;5.36
59605;2.58;
59606;14.49;5.02
59609;5.08;
59610;11.9;5.85
59611;4.66;1.31
59613;9.3;2.91
59614;13.69;7.85
59615;7.08;2.8
59616;9.11;4.2
59617;7.69;
59622;7.33;4.03
59624;15.7;7.48
59629;6.57;2.3
59630;5.27;1.05
59631;10.13;4.87
59632;9.87;5.07
59633;8.82;
59636;5.6;1.49
59638;3.25;
59639;6.6;
59640;7.34;
59641;4.81;1.36
59645;9.89;4.4
59646;5.71;0.95
59647;10.54;3.38
59648;7.02;1.65
59650;6.35;1.53
59651;10.48;5.16
59653;4.57;1.24
59654;9.83;3.95
59656;4.77;1.34
59658;;
59659;15.9;8.47
59660;4.93;1.06
59661;;
59663;7.14;2.48
59664;;
59666;6.3;2.83
59667;;0.0
59668;7.24;
59670;5.27;
60001;8.15;
60005;5.64;
60006;7.03;2.52
60007;4.79;1.38
60009;9.84;2.87
60010;7.04;3.64
60012;5.93;2.16
60013;2.64;
60016;;
60017;9.36;4.47
60023;6.12;
60025;9.08;3.07
60029;8.22;3.14
60035;14.41;
60041;3.93;
60042;5.3;2.18
60044;4.55;1.67
60045;9.6;4.4
60047;5.49;
60048;;
60050;;
60051;;
60053;9.36;
60055;;0.0
60057;11.24;3.07
60060;7.69;
60062;;
60065;8.55;3.25
60066;;
60068;8.36;3.72
60069;8.18;3.77
60070;9.33;
60074;5.03;
60081;6.76;
60082;6.5;
60086;7.53;2.59
60088;6.73;2.24
60090;8.05;
60091;8.84;
60099;;0.0
60102;4.61;
60103;8.11;1.8
60104;11.42;3.81
60106;4.96;1.47
60107;4.94;1.09
60116;6.83;2.22
60119;7.21;3.33
60123;6.19;
60124;9.74;
60129;6.19;
60130;6.11;2.53
60134;5.05;
60136;7.34;
60137;;0.0
60138;11.89;2.86
60139;8.59;2.1
60141;11.43;3.21
60142;7.21;1.56
60143;10.29;3.3
60144;;
60145;4.82;
60149;5.89;1.68
60150;6.6;2.27
60151;7.3;2.01
60154;7.59;2.28
60155;7.83;2.26
60156;9.61;3.95
60157;11.33;2.84
60159;11.41;2.89
60161;;
60163;9.77;
60164;9.92;
60166;5.15;
60167;10.23;
60168;12.5;
60171;;
60172;6.94;2.68
60173;11.73;6.15
60175;12.92;4.3
60176;8.61;2.65
60178;10.13;4.32
60179;;
60180;6.41;
60181;8.42;3.71
60183;8.73;
60185;6.06;2.56
60188;10.71;5.05
60189;9.61;6.18
60191;9.09;
60197;6.54;
60198;7.78;
60199;;
60203;12.2;
60205;;0.0
60208;;
60209;7.54;
60210;;
60211;11.28;
60212;6.26;1.97
60213;10.16;4.39
60215;6.61;
60218;3.43;
60221;12.38;5.54
60223;6.65;2.34
60225;5.91;
60227;13.4;
60230;7.17;
60232;7.29;
60233;14.86;7.62
60234;6.0;1.82
60235;10.08;6.16
60238;5.98;
60239;6.3;
60245;9.71;3.95
60247;;0.0
60253;8.78;
60259;4.89;
60263;;
60265;6.59;
60267;;
60273;6.36;
60277;6.13;
60280;;
60282;8.9;4.3
60284;6.49;2.78
60286;11.25;6.05
60291;11.89;7.2
60292;;
60298;10.18;3.86
60299;9.5;4.55
60301;;
60302;5.14;
60303;;
60312;;
60313;7.42;2.62
60316;11.21;
60319;8.4;
60321;6.42;
60324;7.21;
60325;6.7;2.41
60330;6.41;
60332;;
60333;8.19;4.1
60335;;
60336;;
60337;4.31;
60338;6.37;1.75
60342;7.82;2.57
60343;5.97;
60344;9.05;
60346;8.37;2.82
60348;;
60350;9.03;2.89
60353;;
60354;0.0;0.0
60355;5.81;2.81
60356;7.88;
60357;7.07;
60359;;0.0
60360;10.69;3.53
60364;4.14;
60367;;
60368;12.32;3.22
60369;7.29;2.47
60370;4.29;
60372;5.41;
60373;5.91;
60374;6.63;2.65
60375;;
60376;;
60378;7.81;
60380;8.59;2.59
60382;10.7;2.22
60386;9.22;
60387;12.66;5.96
60391;;
60393;10.47;4.65
60394;;
60395;10.56;4.62
60396;6.64;
60398;4.49;1.03
60401;5.08;
60402;7.16;2.68
60403;11.38;5.28
60404;5.15;
60405;7.24;
60406;3.57;
60409;5.16;1.63
60414;11.45;5.42
60422;;
60428;3.91;
60429;;
60430;8.3;4.59
60433;7.33;3.14
60434;;
60435;;
60436;;
60439;9.1;2.92
60440;4.58;
60442;;
60443;6.83;
60446;9.21;3.29
60447;5.42;
60450;7.66;2.26
60451;4.68;1.66
60452;6.31;
60454;5.38;
60456;10.19;3.79
60458;;0.0
60459;;
60460;;
60462;8.43;2.87
60463;9.22;2.87
60464;5.94;2.68
60470;6.78;
60471;15.96;7.11
60472;;
60477;7.18;3.85
60479;5.92;
60480;;
60482;5.85;1.13
60485;;
60486;6.88;
60487;;
60489;4.37;
60490;9.64;
60491;11.68;6.38
60493;;
60494;9.58;4.91
60495;;
60498;8.92;
60500;8.51;1.79
60501;7.02;2.17
60506;8.33;
60508;6.86;1.72
60509;10.27;3.25
60510;;
60513;6.6;2.45
60516;;
60523;3.79;
60524;8.15;2.5
60526;9.85;2.52
60527;;
60529;;
60531;8.62;3.0
60533;9.08;3.83
60534;7.03;
60536;;
60537;9.87;5.0
60539;6.1;1.93
60540;9.59;
60541;;
60542;10.24;5.85
60543;;
60545;7.93;
60546;;
60548;4.72;
60554;9.3;0.0
60562;6.22;3.11
60563;5.26;
60567;8.1;3.47
60568;;
60570;6.51;2.5
60574;;
60575;8.92;3.1
60576;6.64;
60577;8.3;2.77
60578;6.58;
60581;11.81;4.22
60584;7.7;2.23
60585;;
60586;5.68;
60587;6.54;1.96
60588;6.79;
60589;7.71;2.11
60590;16.93;10.98
60591;6.95;3.4
60592;9.2;3.68
60595;7.49;
60597;6.62;2.54
60598;8.9;3.88
60600;4.18;
60601;12.28;5.12
60609;6.57;
60610;5.97;
60612;9.93;2.93
60616;9.84;4.01
60618;;
60620;10.21;
60622;7.5;
60623;10.86;6.15
60626;6.25;
60628;8.61;2.66
60631;6.79;2.2
60633;;
60635;9.21;3.81
60636;8.47;3.19
60639;7.72;
60643;6.96;2.51
60644;10.95;6.37
60646;5.22;2.41
60647;8.39;3.42
60653;;
60661;10.54;2.81
60665;11.71;4.35
60667;9.44;3.06
60669;6.03;
60670;6.42;1.88
60675;;
60678;5.84;
60680;9.86;
60681;7.63;
60684;11.37;5.94
60685;5.93;
60686;4.41;
60695;8.26;2.88
60700;7.5;2.68
60701;6.56;2.63
60703;6.39;
61001;14.29;5.34
61002;14.63;7.05
61006;11.31;3.55
61007;11.03;4.94
61008;13.87;4.91
61011;;
61023;9.82;3.99
61024;10.88;
61029;7.6;3.09
61038;15.0;6.62
61040;16.18;9.19
61041;11.68;
61043;8.48;3.79
61048;;0.0
61050;10.19;5.62
61052;14.29;
61055;17.63;9.54
61061;10.29;4.59
61063;17.34;8.23
61074;18.4;9.2
61075;14.07;6.97
61077;6.08;
61078;11.4;7.89
61079;13.75;7.98
61080;;
61081;15.55;9.66
61085;;
61091;14.12;7.06
61092;10.61;3.91
61093;11.05;5.44
61096;13.53;5.76
61097;16.67;10.58
61102;12.11;6.32
61105;11.85;
61113;;0.0
61114;;
61116;10.41;5.58
61117;7.23;3.25
61122;;
61124;10.95;6.2
61126;11.58;6.67
61129;9.88;
61133;13.15;5.63
61140;9.21;4.72
61141;9.26;
61143;8.31;2.53
61145;15.0;6.37
61146;12.62;6.8
61150;18.63;8.7
61152;;
61153;11.75;6.47
61156;11.99;4.79
61163;12.98;6.22
61165;11.63;6.64
61167;12.46;5.43
61168;15.42;6.98
61169;15.71;6.78
61176;;
61178;;
61181;19.63;9.87
61182;7.44;
61189;14.72;8.63
61196;9.44;4.0
61207;13.65;7.69
61208;13.52;6.6
61211;14.95;7.11
61212;;
61214;17.24;8.26
61215;11.06;
61217;;
61218;8.04;3.28
61219;14.61;
61222;9.95;4.3
61228;10.18;5.22
61230;11.52;5.05
61232;14.1;7.69
61234;5.69;
61238;;
61240;15.14;9.63
61241;7.47;
61248;17.35;10.36
61255;10.85;4.69
61258;15.21;5.07
61260;8.66;
61269;10.14;5.74
61272;;
61275;19.72;10.81
61278;9.58;4.52
61281;;
61283;12.26;
61286;;
61287;9.84;5.19
61289;;
61292;11.15;4.95
61293;15.33;7.46
61294;17.03;7.5
61297;20.27;9.46
61298;;
61303;9.36;
61309;9.67;4.8
61314;6.83;
61321;;
61324;19.65;10.12
61326;13.95;
61327;11.21;5.14
61328;12.14;
61329;12.5;
61333;21.0;
61336;13.75;
61339;13.88;8.48
61341;8.67;4.07
61342;10.05;4.33
61344;12.75;6.1
61345;14.96;7.4
61365;10.65;5.56
61369;11.82;5.45
61373;12.3;5.88
61374;20.69;
61376;11.04;4.64
61381;;
61382;14.42;7.95
61386;17.65;10.38
61387;17.51;8.76
61389;16.69;9.62
61391;9.83;3.5
61394;13.21;6.92
61397;6.54;1.38
61400;14.2;7.1
61404;5.57;
61405;7.38;
61412;15.32;8.67
61414;8.56;3.6
61415;10.43;
61421;15.78;8.44
61422;7.05;3.02
61429;12.18;6.48
61432;5.63;
61440;10.14;5.19
61445;9.18;5.38
61447;9.71;3.83
61454;13.21;
61456;9.93;4.96
61460;20.43;9.73
61462;4.09;
61463;10.37;4.57
61464;18.38;8.66
61466;8.28;3.18
61472;6.63;
61474;13.2;7.25
61475;11.48;5.61
61479;;
61481;;
61483;15.71;7.03
61484;10.98;5.4
61486;15.99;9.02
61491;11.22;5.75
61492;;
61494;14.52;6.2
61497;7.47;3.05
61501;10.26;5.13
61508;16.58;7.27
62001;7.5;2.34
62004;5.79;1.27
62005;7.54;
62007;7.02;
62009;13.08;
62010;;
62012;;
62013;3.83;
62014;9.51;3.71
62015;9.3;
62019;6.38;2.52
62021;6.92;
62023;6.65;1.99
62024;6.35;
62025;6.43;2.6
62032;4.72;1.26
62033;7.05;2.21
62034;8.8;2.4
62035;6.45;1.36
62036;11.56;5.2
62037;3.88;0.85
62038;9.28;2.89
62039;8.74;5.38
62040;6.65;2.18
62041;11.98;3.26
62042;4.04;
62043;7.66;2.93
62044;6.9;2.92
62045;7.9;2.35
62046;10.75;3.76
62048;11.38;3.8
62050;9.76;5.04
62051;7.05;1.65
62054;5.77;1.92
62056;6.45;2.76
62057;6.6;1.79
62058;;
62059;;
62060;15.59;8.2
62062;;
62063;10.63;4.94
62064;14.81;
62065;8.16;2.03
62066;;
62067;5.46;
62069;10.24;
62070;;
62072;11.01;
62073;5.3;
62078;4.15;
62080;14.78;3.95
62083;7.38;2.97
62085;;
62087;6.12;
62090;;
62092;10.36;
62094;9.19;
62097;4.43;
62099;4.8;0.61
62100;6.27;2.62
62101;;
62107;;
62108;9.87;3.61
62113;7.46;
62114;0.0;0.0
62117;10.77;3.59
62119;11.87;3.42
62123;13.14;5.84
62124;;
62126;8.17;2.56
62128;5.74;1.6
62129;;
62132;5.15;1.19
62133;11.71;4.92
62138;8.43;4.22
62139;9.49;2.51
62143;;
62148;6.65;
62152;;0.0
62156;5.07;
62158;9.36;3.68
62160;15.78;5.45
62165;;
62167;;
62170;6.73;3.31
62173;4.94;1.09
62177;11.58;4.39
62178;11.44;4.13
62179;8.38;
62181;9.18;3.06
62183;8.49;
62184;;
62186;8.88;3.0
62188;9.88;4.58
62191;7.79;
62193;10.56;3.24
62194;8.94;3.44
62196;7.36;3.68
62200;5.57;
62201;4.8;0.98
62203;6.21;
62204;7.05;2.2
62211;;
62212;8.81;
62213;4.96;
62214;10.57;4.88
62215;7.64;2.2
62217;7.77;2.65
62218;;
62221;9.17;
62224;7.52;2.4
62225;6.45;
62228;;
62230;6.39;
62232;5.22;
62235;6.85;2.12
62239;6.03;1.17
62240;5.8;
62244;6.09;2.08
62247;9.23;4.23
62249;5.87;1.99
62250;6.75;2.15
62252;4.82;
62253;;
62259;6.88;
62261;6.52;2.12
62262;6.51;3.12
62263;5.7;1.2
62264;7.54;2.38
62268;11.63;4.93
62270;6.98;1.66
62274;6.68;2.01
62275;12.05;
62276;6.04;1.7
62277;7.68;3.11
62278;5.43;
62279;5.37;
62284;7.77;3.03
62285;8.61;
62289;7.72;
62291;10.02;4.22
62292;7.67;
62295;8.5;4.25
62297;6.57;2.05
62298;11.95;
62299;12.5;
62300;6.25;2.71
62301;;
62308;;
62309;7.35;2.08
62310;6.84;1.45
62311;4.84;
62312;10.94;
62313;11.93;4.06
62316;13.59;
62318;8.98;2.87
62321;6.25;2.29
62323;4.48;
62324;6.32;
62325;12.71;6.6
62326;;
62328;8.38;3.93
62329;8.4;3.49
62330;6.4;2.13
62332;5.0;
62334;6.3;2.66
62335;11.38;3.79
62338;4.79;1.28
62339;;0.0
62344;;
62349;7.28;2.06
62351;7.75;2.67
62353;14.56;
62355;5.14;
62359;12.04;5.35
62360;2.65;
62361;16.64;8.91
62364;14.18;6.86
62365;17.7;
62367;4.67;
62369;4.68;
62371;7.58;1.86
62372;;
62373;8.9;
62374;;
62375;;
62376;5.72;1.94
62377;14.29;
62378;;
62381;;
62383;4.84;
62386;10.09;3.07
62390;3.74;
62392;;
62393;6.3;2.39
62397;6.79;2.15
62400;5.97;2.18
62401;6.71;1.89
62403;6.98;
62408;6.75;2.13
62409;;
62411;;
62412;6.75;
62413;9.9;3.14
62414;;
62423;6.28;1.5
62426;;
62427;10.55;3.59
62429;;
62435;;
62440;6.89;3.35
62443;6.68;1.7
62444;;
62445;9.69;3.14
62446;6.98;
62447;14.85;6.81
62448;4.41;1.69
62449;13.4;
62451;11.06;5.11
62452;4.87;1.79
62454;5.29;1.32
62456;8.95;
62457;7.55;1.79
62458;7.47;3.07
62462;;
62463;9.6;
62464;7.47;1.99
62466;10.48;
62471;5.41;2.82
62472;12.82;
62473;10.12;3.75
62474;8.0;3.11
62476;7.87;3.01
62479;7.57;2.79
62480;6.62;1.35
62485;;
62486;8.62;4.52
62487;7.31;
62489;8.74;3.12
62491;6.97;2.09
62493;;
62497;5.9;1.2
62498;15.82;7.23
62502;5.86;1.77
62503;;
62504;;
62506;5.79;1.79
62507;;
62510;9.46;2.91
62513;;
62516;11.43;4.21
62520;5.49;1.73
62523;8.31;2.29
62524;7.19;2.6
62525;5.49;1.38
62528;9.01;3.66
62531;6.7;
62532;6.25;
62534;10.35;4.17
62535;;
62540;5.37;
62543;7.64;2.79
62548;4.3;0.82
62550;9.46;4.63
62551;8.63;
62552;6.9;3.12
62553;;
62554;0.0;0.0
62555;9.69;3.82
62556;10.11;
62557;6.13;2.02
62559;8.11;4.16
62560;8.2;3.39
62561;13.0;
62563;8.86;2.81
62564;;
62568;5.88;
62570;6.69;1.9
62571;6.06;1.84
62573;8.46;2.5
62574;;
62578;;
62580;7.73;
62583;9.23;5.0
62587;7.34;2.74
62588;12.99;5.96
62589;5.87;
62595;8.5;3.88
62597;;
62598;6.9;
62600;;
62603;4.19;
62604;4.67;0.92
62605;;
62606;5.11;
62609;5.79;1.98
62610;12.54;5.02
62613;7.63;
62614;5.31;
62617;9.44;2.85
62618;6.3;2.94
62619;;0.0
62620;8.73;4.44
62621;7.44;4.15
62623;4.66;
62624;7.27;3.3
62626;4.19;
62627;4.48;
62628;9.04;2.62
62629;;
62632;8.94;
62634;5.86;
62637;9.05;2.91
62638;9.24;4.62
62639;5.71;
62642;10.9;4.17
62643;7.05;2.2
62645;6.18;2.05
62646;7.89;
62647;5.81;
62649;12.31;4.62
62652;10.72;5.57
62654;6.36;
62655;;
62658;;0.0
62659;;
62661;8.47;
62663;10.88;
62664;;
62666;10.59;3.56
62667;10.21;3.07
62669;12.67;
62670;5.39;
62672;8.61;4.12
62677;;
62678;7.55;
62681;5.61;
62683;;
62684;4.19;1.4
62685;11.61;
62688;5.63;1.81
62705;7.88;4.32
62706;6.2;2.27
62711;7.85;2.46
62712;8.25;2.11
62718;4.6;
62719;11.64;
62721;5.93;2.25
62723;;
62724;7.18;1.9
62727;6.11;1.79
62730;5.13;2.05
62732;7.69;
62733;12.06;
62734;5.07;
62735;6.44;1.68
62736;6.3;1.88
62737;6.8;2.16
62738;;
62744;6.86;1.75
62746;7.52;2.31
62747;;
62748;6.5;1.63
62751;5.88;
62753;6.85;1.79
62755;5.05;1.09
62756;5.94;1.56
62757;5.66;1.14
62758;8.22;2.69
62762;;
62763;7.55;
62764;6.9;1.44
62765;15.71;6.33
62766;5.93;
62767;15.87;5.33
62769;6.54;
62770;9.04;3.65
62771;13.62;5.71
62773;7.78;2.96
62774;5.7;1.59
62783;14.91;
62784;9.18;4.43
62789;;
62790;;
62791;;
62792;5.09;2.13
62793;5.19;
62795;;
62796;9.63;5.56
62798;;
62799;3.1;
62800;10.86;
62801;5.33;1.1
62810;5.13;
62811;9.03;3.43
62816;;
62817;4.18;
62819;5.77;2.23
62824;;
62825;7.79;3.02
62826;6.76;2.14
62827;9.33;3.63
62828;;
62833;;
62839;7.31;
62841;6.53;1.63
62842;6.89;1.88
62843;14.4;
62846;7.15;2.47
62847;8.14;2.56
62848;5.9;1.99
62849;5.09;2.23
62852;4.87;1.85
62856;7.33;
62857;;0.0
62859;9.09;
62861;6.58;2.1
62863;7.03;1.25
62865;6.86;2.21
62870;8.61;3.31
62871;9.7;
62873;10.04;
62875;3.35;
62877;;
62878;7.47;
62879;;
62882;9.07;2.84
62890;;
62892;5.1;
62893;6.86;2.12
62894;7.32;1.93
62895;9.63;3.6
62896;7.42;
62899;5.9;2.19
62902;5.9;2.09
62905;3.98;
62907;8.94;4.36
62908;7.23;2.36
63001;12.21;6.92
63003;18.23;8.61
63004;13.69;6.57
63006;25.83;16.24
63008;20.35;13.5
63009;31.93;18.16
63010;20.82;13.76
63012;12.52;8.29
63014;10.5;2.8
63016;18.47;11.39
63019;7.38;2.05
63021;8.25;
63022;14.31;5.58
63026;10.92;5.53
63027;12.96;
63028;19.21;13.32
63032;8.37;2.31
63034;9.43;5.52
63037;18.58;12.39
63038;13.5;5.54
63039;14.43;10.07
63040;12.06;5.37
63042;6.76;3.06
63045;13.28;8.13
63047;18.69;9.22
63048;27.42;10.12
63049;9.88;4.01
63050;14.81;6.87
63052;13.22;4.35
63053;18.92;8.11
63054;15.72;10.57
63055;14.7;9.21
63062;11.64;
63063;8.16;2.8
63066;18.65;11.7
63069;5.97;1.42
63070;8.08;3.1
63072;16.08;10.35
63073;9.01;
63075;11.01;3.0
63077;14.65;8.05
63080;17.84;9.21
63085;13.11;7.49
63088;16.05;
63089;5.35;2.31
63091;10.39;4.11
63092;10.57;5.13
63093;13.84;8.19
63094;18.65;13.21
63099;8.61;3.9
63102;21.85;12.42
63103;16.23;8.59
63106;8.46;3.87
63109;12.13;5.84
63113;13.04;3.33
63114;20.0;10.83
63116;13.14;6.44
63118;27.67;14.41
63121;7.58;2.47
63124;7.14;1.96
63125;17.93;9.23
63126;8.36;3.79
63132;19.64;11.16
63135;9.3;3.65
63136;16.78;10.07
63139;17.09;12.0
63141;10.96;5.48
63144;23.43;17.34
63146;10.06;5.59
63148;5.78;2.71
63150;6.54;3.06
63152;19.72;12.8
63160;8.33;4.7
63161;20.44;14.22
63162;14.68;9.37
63163;19.4;12.37
63164;7.32;2.18
63165;22.71;12.98
63170;12.6;8.48
63175;21.0;12.5
63178;12.65;4.36
63179;17.34;12.26
63180;10.64;6.42
63182;21.49;12.77
63185;15.72;7.99
63187;16.55;9.59
63188;11.42;6.57
63189;20.46;13.9
63190;23.81;15.56
63192;17.22;8.91
63193;6.97;1.84
63195;12.29;6.06
63198;8.48;4.45
63200;8.14;3.62
63201;9.53;4.86
63204;7.28;3.07
63206;12.47;8.06
63207;19.89;13.35
63210;14.72;8.25
63211;14.85;7.52
63213;6.41;2.28
63214;10.0;4.37
63215;9.44;
63222;11.44;
63223;20.18;12.61
63224;6.29;1.92
63225;18.81;10.67
63226;8.0;3.41
63227;7.57;2.61
63228;18.21;10.54
63231;24.0;15.78
63233;27.59;18.82
63236;12.25;5.13
63237;26.56;17.07
63241;14.03;7.24
63244;6.5;3.66
63245;6.77;2.41
63246;8.12;2.94
63247;20.0;12.0
63249;13.06;8.58
63250;11.58;6.86
63254;8.23;3.57
63258;20.98;15.74
63261;10.73;4.34
63262;6.09;1.86
63263;10.57;5.68
63265;7.65;3.69
63269;9.72;3.01
63272;6.38;2.22
63273;6.67;2.81
63275;10.84;5.52
63276;11.3;5.9
63278;4.73;
63279;15.18;8.57
63281;21.17;9.74
63282;7.32;3.34
63283;20.96;11.57
63284;8.09;2.84
63285;20.26;11.67
63287;10.81;
63290;11.59;6.44
63291;13.71;6.47
63294;9.09;
63295;13.61;6.81
63296;11.56;6.28
63300;11.68;4.43
63302;7.85;2.86
63305;20.11;11.96
63307;8.15;2.89
63308;11.7;3.84
63314;15.66;8.72
63315;9.46;4.18
63318;10.99;5.13
63319;19.52;13.37
63320;21.0;10.0
63322;6.8;3.3
63324;13.86;7.59
63327;8.02;3.21
63332;8.24;
63334;20.64;13.53
63335;15.75;9.79
63336;21.79;15.18
63338;20.37;12.19
63345;7.55;3.86
63349;15.99;8.54
63350;5.85;2.37
63352;14.91;7.78
63353;18.05;10.62
63354;20.35;11.28
63367;17.7;
63370;13.39;
63373;15.97;
63377;23.76;13.26
63378;10.34;4.64
63381;10.89;5.99
63382;13.92;
63386;13.17;6.59
63387;7.06;4.56
63388;16.43;9.03
63393;14.69;7.43
63395;8.13;4.62
63396;13.11;6.1
63397;16.88;11.37
63400;8.54;3.48
63403;10.97;5.91
63411;11.64;6.55
63412;14.94;10.58
63414;10.12;6.13
63415;13.53;6.31
63417;7.87;3.65
63418;15.38;9.89
63419;17.28;9.91
63421;15.81;10.23
63423;14.29;8.1
63425;5.44;2.25
63426;21.53;14.19
63430;24.99;14.94
63432;8.01;3.4
63435;14.89;
63448;17.23;8.96
63453;7.96;2.81
63454;22.8;11.92
63455;7.91;3.41
63457;11.0;4.97
63460;22.0;16.4
63464;7.14;
63465;16.58;10.46
63469;13.95;8.59
63470;9.83;4.48
63471;18.17;8.36
64005;6.95;
64006;10.34;4.72
64009;3.55;1.21
64010;8.67;3.79
64013;10.68;
64014;12.47;8.69
64016;12.34;
64024;6.72;1.08
64027;;
64029;11.23;6.01
64034;;
64035;8.86;1.71
64037;4.58;
64038;5.37;1.59
64040;11.52;5.2
64049;11.02;
64057;10.12;5.45
64058;12.94;7.12
64059;4.03;
64060;5.35;1.71
64061;7.82;2.63
64062;10.98;5.03
64063;13.18;7.95
64065;5.04;1.69
64067;6.83;3.36
64068;9.21;5.26
64072;8.24;5.11
64079;21.82;
64080;;
64084;;
64085;7.33;
64087;7.23;4.24
64091;;
64092;10.84;
64093;11.6;6.96
64094;7.28;3.14
64100;4.27;0.65
64102;9.03;2.11
64104;11.7;6.42
64108;9.7;3.8
64111;17.74;
64112;9.31;
64114;;
64119;3.47;
64121;;
64122;8.01;1.88
64123;10.71;4.98
64125;6.34;1.38
64127;9.41;3.53
64129;9.41;2.46
64130;5.68;2.66
64132;8.68;2.47
64134;7.78;
64135;7.01;4.04
64136;13.01;
64137;7.23;3.61
64138;5.89;2.66
64140;5.81;1.46
64146;;
64147;6.3;2.15
64148;8.2;3.8
64151;;
64157;7.69;2.76
64160;9.25;2.75
64161;8.92;5.52
64185;;
64188;8.92;6.12
64189;6.68;1.32
64191;8.67;3.78
64197;13.33;
64204;11.14;4.37
64207;7.41;
64213;8.0;3.58
64217;9.09;
64220;5.67;
64225;9.44;
64230;7.94;2.96
64233;9.85;4.85
64237;9.95;3.17
64238;6.79;3.06
64246;;
64247;10.66;5.74
64249;6.86;2.57
64250;6.77;2.07
64251;11.03;
64252;6.09;
64254;12.1;8.19
64255;4.64;
64256;7.87;3.35
64259;10.19;4.13
64260;5.9;1.12
64269;5.03;0.85
64270;5.66;
64271;11.63;6.59
64273;8.85;3.32
64275;10.5;3.79
64277;7.69;
64279;7.17;3.26
64282;4.51;
64284;8.76;2.57
64289;8.26;5.07
64300;8.82;5.04
64301;12.18;5.58
64304;4.88;0.88
64305;14.49;6.16
64308;10.45;
64315;6.51;
64316;23.6;15.17
64317;5.69;1.74
64320;12.82;7.57
64324;10.29;6.17
64328;5.86;
64331;14.22;7.88
64334;;
64335;5.58;1.36
64348;6.03;1.11
64350;9.52;3.63
64351;17.58;
64353;12.63;7.6
64371;15.57;7.97
64373;4.38;1.7
64376;6.75;3.38
64377;9.26;5.46
64379;10.08;
64387;9.47;
64393;9.75;4.66
64394;;
64396;8.2;2.87
64399;4.44;1.23
64400;11.2;2.8
64405;6.25;2.48
64407;4.33;0.93
64410;12.08;3.91
64413;7.98;3.99
64415;4.66;2.26
64416;14.92;6.35
64417;11.88;4.83
64422;14.37;5.67
64430;14.07;6.2
64436;7.92;4.17
64439;4.59;
64443;8.66;2.6
64445;12.51;3.31
64448;3.9;
64453;9.83;5.32
64461;14.02;7.43
64463;8.96;3.58
64464;;
64467;6.2;2.84
64477;9.62;4.49
64478;7.84;3.64
64483;6.54;1.6
64485;9.73;5.31
64490;10.16;5.08
64493;10.06;4.45
64495;5.36;1.87
64496;4.9;0.63
64499;14.61;7.51
64502;5.6;
64504;6.99;3.4
64510;9.78;3.87
64511;5.61;1.47
64513;14.84;7.87
64518;7.79;3.23
64519;5.57;1.84
64520;9.11;
64523;11.57;7.99
64526;7.25;3.07
64527;6.1;2.33
64533;22.55;10.61
64536;9.57;
64540;4.75;1.21
64542;20.0;
64543;18.87;10.06
64544;;
64545;5.78;1.41
64546;5.02;1.88
64547;5.98;1.08
64549;4.54;
64550;7.55;2.96
64558;5.02;1.6
64560;;
65006;12.75;
65013;;
65017;4.58;1.9
65025;10.15;3.5
65029;9.93;4.22
65031;16.63;9.48
65032;8.8;4.97
65045;7.34;
65047;9.58;4.01
65057;10.34;5.06
65059;13.02;5.78
65062;5.5;1.56
65069;10.0;5.69
65072;7.53;3.58
65092;15.13;
65098;6.99;
65099;8.77;
65100;6.78;3.13
65101;8.09;
65104;10.0;
65105;12.98;
65106;15.88;6.44
65107;;
65114;;
65123;15.35;9.51
65125;10.81;
65129;18.47;10.26
65130;19.28;11.29
65133;13.54;
65138;8.28;2.88
65159;7.45;
65168;5.82;1.76
65170;;
65192;13.01;7.99
65193;;
65198;8.93;3.46
65212;7.37;3.97
65218;14.91;7.92
65221;11.4;
65226;10.06;4.95
65233;;
65235;6.31;2.5
65236;5.49;
65251;9.67;4.67
65257;7.72;
65258;14.64;7.29
65282;4.8;1.44
65286;15.17;6.33
65287;20.5;8.43
65295;8.7;3.62
65304;15.02;6.62
65305;18.1;8.6
65309;;
65315;10.12;
65320;9.53;6.65
65323;;
65331;7.69;3.27
65340;6.59;2.12
65344;8.27;3.29
65352;8.9;
65361;;
65362;12.27;6.56
65366;6.85;
65369;6.77;
65370;10.58;5.7
65375;14.59;8.55
65388;7.58;2.3
65389;15.54;7.5
65391;;
65395;12.26;6.72
65396;8.19;
65407;;
65408;15.62;8.11
65417;9.43;3.71
65430;;
65433;6.1;2.19
65435;19.46;
65440;14.87;5.52
65447;10.26;4.51
65452;20.45;12.93
65460;13.98;7.03
65465;6.23;1.81
65471;6.32;
65481;7.18;2.75
65482;12.33;
66002;5.5;1.89
66003;17.41;5.25
66004;6.49;1.33
66005;20.2;4.75
66006;15.43;
66008;7.82;1.75
66009;14.98;5.77
66011;9.02;2.9
66012;7.11;1.84
66014;10.47;4.21
66016;8.16;2.73
66017;8.45;1.51
66020;6.64;1.56
66021;7.17;1.56
66024;9.74;3.57
66025;11.54;7.39
66026;7.88;2.94
66027;7.95;4.71
66028;6.0;1.49
66037;9.85;2.49
66038;5.43;1.19
66039;17.49;8.74
66045;10.48;3.71
66046;17.0;9.49
66048;10.09;4.25
66049;9.31;2.85
66050;8.13;2.82
66053;8.5;2.41
66056;8.78;2.7
66058;10.18;4.57
66059;6.75;1.3
66060;16.33;8.57
66062;8.03;
66064;13.36;5.42
66065;9.76;2.98
66066;12.41;6.34
66067;10.22;3.75
66068;17.29;9.02
66069;9.12;3.27
66071;15.21;6.32
66075;6.93;
66077;;
66079;9.09;
66080;15.42;9.88
66082;8.43;3.74
66084;8.79;4.4
66088;13.86;5.86
66093;6.45;1.17
66094;5.45;1.13
66095;10.63;4.33
66096;11.06;3.9
66101;4.4;
66103;13.14;6.73
66105;7.66;3.39
66106;9.84;4.16
66107;19.27;8.41
66108;10.23;3.67
66109;10.04;5.38
66114;5.77;
66117;20.41;9.69
66119;9.34;3.79
66123;21.26;
66124;9.5;3.4
66125;17.75;7.61
66126;7.69;
66127;9.41;3.82
66129;6.76;2.39
66130;9.27;4.4
66132;7.48;
66133;8.08;2.71
66134;12.94;6.64
66136;14.99;6.08
66137;17.55;6.95
66138;8.7;3.31
66140;9.94;3.4
66141;6.7;1.55
66144;6.69;1.75
66145;9.49;4.0
66146;10.93;
66147;11.26;
66148;11.42;4.11
66149;14.38;5.75
66150;17.49;8.51
66161;12.56;5.02
66162;7.26;2.96
66164;10.12;3.9
66165;8.71;4.24
66166;14.03;10.39
66167;11.06;5.07
66168;8.68;2.4
66171;8.15;1.4
66172;7.59;2.04
66173;8.62;4.48
66174;9.32;3.06
66175;7.88;2.52
66176;8.35;3.7
66177;6.8;2.04
66178;8.57;3.62
66179;15.38;8.63
66180;9.41;2.94
66182;7.68;1.84
66186;7.28;2.48
66187;16.54;8.74
66189;6.08;1.48
66190;10.86;4.37
66192;11.54;
66195;7.32;2.23
66196;7.0;2.4
66198;16.46;7.32
66202;9.88;
66204;9.27;
66205;17.57;8.94
66206;22.73;10.0
66207;9.9;3.86
66208;7.61;2.1
66210;9.16;3.05
66212;8.19;2.16
66213;7.39;2.18
66214;9.33;3.63
66216;;
66217;10.61;4.38
66218;7.94;4.23
66221;22.81;
66222;15.16;6.08
66223;28.17;17.84
66224;8.62;2.7
66225;5.29;1.15
66226;12.33;6.33
66227;5.98;1.41
66228;10.06;3.93
66230;12.11;3.92
66231;17.08;9.57
67001;4.16;1.04
67004;5.53;2.7
67008;6.14;2.49
67010;11.44;6.37
67013;13.6;
67016;6.94;3.6
67019;12.92;5.9
67021;8.64;3.81
67025;7.27;2.77
67028;9.03;3.09
67034;7.17;3.59
67035;7.04;
67043;8.17;2.3
67045;6.58;2.63
67046;9.68;4.58
67049;4.76;2.24
67050;;
67052;6.79;2.82
67053;9.94;
67059;15.38;7.69
67060;6.87;3.02
67061;11.96;5.82
67066;9.36;4.47
67067;9.4;3.51
67073;9.16;4.11
67080;4.92;2.39
67084;12.62;7.34
67089;10.31;4.49
67095;9.32;3.9
67098;7.09;2.81
67101;8.99;4.58
67103;8.72;3.71
67105;10.08;5.35
67106;4.86;1.99
67112;5.32;1.49
67115;7.62;3.05
67118;5.66;1.7
67119;6.49;2.8
67121;6.81;
67122;7.27;3.35
67124;5.57;1.3
67125;11.07;5.41
67127;6.83;1.71
67128;4.99;2.33
67129;7.84;4.08
67130;7.87;2.5
67131;4.99;0.65
67133;14.95;8.9
67134;;
67137;4.72;1.32
67142;;
67147;9.13;
67148;;
67150;6.57;1.82
67151;6.27;2.09
67152;7.35;2.77
67154;7.65;3.31
67155;8.33;3.69
67156;6.7;2.51
67167;9.52;4.37
67169;7.16;2.78
67172;5.98;2.89
67173;4.78;
67174;6.02;2.72
67176;8.87;4.32
67179;12.92;5.06
67180;8.5;2.67
67182;8.07;3.59
67183;10.91;4.9
67184;7.34;3.35
67191;8.29;3.58
67192;6.19;2.62
67194;5.93;2.14
67196;6.03;2.33
67202;10.25;4.48
67204;4.93;1.1
67205;7.82;3.68
67206;9.33;5.18
67208;6.25;
67210;11.36;3.84
67212;7.67;2.22
67216;5.54;2.1
67218;6.56;1.65
67222;10.61;4.94
67226;7.91;3.36
67230;6.32;3.16
67234;10.01;4.94
67237;4.94;1.59
67239;8.55;3.81
67240;9.91;4.5
67244;;
67246;7.85;3.83
67252;8.06;3.93
67256;4.5;0.91
67259;14.41;4.73
67260;9.09;
67261;10.43;5.21
67263;12.43;5.67
67267;6.65;0.89
67268;4.21;
67272;14.44;
67274;14.5;
67276;7.3;2.33
67281;9.67;3.9
67282;7.86;2.92
67283;10.32;5.04
67285;5.12;2.11
67286;7.51;3.62
67291;7.15;2.88
67295;15.22;9.45
67296;5.42;1.43
67300;8.11;3.4
67301;7.28;2.79
67302;8.31;3.3
67309;4.81;1.03
67311;6.76;2.38
67313;11.3;5.08
67319;6.9;
67320;10.26;
67322;10.14;3.26
67324;10.77;6.04
67325;9.94;3.94
67326;4.86;1.39
67327;8.35;3.46
67328;7.49;3.21
67330;8.63;4.21
67331;7.52;3.99
67335;8.94;5.41
67337;13.23;
67338;6.56;3.28
67339;8.28;3.83
67340;9.99;5.83
67341;8.19;
67343;6.36;1.34
67345;5.05;1.09
67348;7.96;2.51
67350;4.83;1.29
67351;8.41;4.69
67355;13.61;7.84
67356;5.49;1.8
67363;5.21;
67365;6.42;1.65
67367;4.42;2.04
67368;9.7;5.15
67371;13.26;5.81
67372;9.27;4.27
67375;6.51;2.53
67378;6.16;2.04
67382;6.81;
67388;8.73;4.12
67389;4.89;0.86
67397;9.24;3.81
67404;7.89;4.39
67405;7.92;3.83
67406;;
67407;5.87;2.05
67408;10.09;4.52
67409;10.58;5.62
67411;7.59;3.04
67412;3.9;
67413;9.47;5.26
67414;14.2;7.22
67417;9.72;
67418;5.96;2.24
67420;6.08;2.96
67421;21.46;14.6
67424;19.12;
67427;10.22;
67429;8.85;
67433;5.03;
67434;16.68;8.24
67435;8.11;5.18
67437;10.47;4.05
67445;7.76;3.41
67447;8.42;2.55
67448;14.09;7.83
67449;4.4;2.25
67450;6.32;
67452;6.1;2.12
67453;6.98;
67455;7.9;3.95
67458;5.32;2.13
67460;5.93;3.2
67462;9.08;3.23
67463;9.05;3.86
67465;6.8;2.59
67468;9.09;4.55
67471;5.47;1.22
67472;8.2;4.01
67473;9.17;4.05
67474;6.87;3.12
67477;9.01;5.23
67478;6.72;2.91
67480;6.1;2.62
67481;10.85;5.51
67482;9.37;2.23
67485;4.4;2.2
67486;8.85;3.69
67495;3.68;0.77
67504;9.29;4.42
67506;5.2;1.07
67507;10.48;4.98
67510;5.18;
67511;8.56;3.27
67517;10.25;5.9
67519;6.19;2.21
67520;8.64;3.3
67522;7.22;
67523;5.88;2.14
67525;9.8;6.12
67526;6.6;3.09
67529;6.89;3.17
67532;7.01;3.71
67534;5.92;
67535;7.01;3.41
67538;8.6;3.08
67539;6.83;3.55
67543;7.04;3.57
67544;9.96;4.09
67547;7.83;4.58
67548;5.45;
67550;11.39;5.88
67551;5.49;1.15
67555;11.01;
67557;8.29;
67558;9.58;5.63
68001;5.41;
68004;11.36;3.48
68005;12.99;3.25
68006;6.41;2.52
68015;5.22;1.48
68018;7.38;3.83
68019;5.76;
68020;7.86;3.06
68021;8.14;4.19
68022;7.0;2.47
68023;11.75;5.97
68026;8.41;4.07
68028;11.17;3.78
68029;5.6;2.2
68036;6.65;2.22
68037;7.36;
68038;5.98;
68040;10.97;5.49
68041;6.66;2.69
68042;8.25;2.85
68043;8.4;2.46
68045;9.23;
68046;;
68051;13.71;8.26
68056;9.04;3.71
68058;9.82;5.25
68060;8.37;4.42
68062;10.14;3.04
68063;8.98;3.82
68064;7.56;3.17
68066;10.02;3.37
68068;10.32;4.61
68069;5.69;3.09
68075;10.33;5.16
68078;13.94;4.11
68082;8.68;2.8
68088;6.96;2.51
68089;9.67;4.78
68090;17.23;8.16
68091;9.39;2.63
68093;5.64;
68095;3.5;
68097;11.25;7.59
68111;13.76;8.6
68112;12.36;4.82
68113;7.09;3.21
68118;6.68;1.86
68120;11.88;6.01
68121;6.65;
68123;7.11;4.0
68124;6.88;
68126;8.06;3.48
68127;8.04;
68129;5.12;1.82
68131;;
68134;6.37;2.38
68135;8.26;3.04
68137;8.55;
68138;11.84;5.87
68139;8.99;4.78
68141;5.89;2.16
68142;10.45;
68143;6.8;2.82
68144;3.45;
68145;6.87;1.94
68146;8.53;4.03
68149;11.48;4.35
68151;11.31;5.11
68152;7.52;2.56
68154;8.18;2.06
68155;9.38;4.06
68156;6.49;1.8
68157;7.11;2.16
68162;10.97;5.11
68163;7.56;2.38
68165;12.9;
68166;6.24;1.5
68167;9.64;4.41
68172;7.02;1.99
68173;9.46;2.87
68175;11.15;6.75
68177;9.31;3.93
68178;8.4;6.05
68181;14.16;
68182;9.31;4.27
68185;9.78;5.12
68195;8.24;1.93
68200;9.86;4.93
68201;14.08;8.53
68204;10.62;5.6
68209;6.49;
68215;9.22;3.77
68217;10.96;6.53
68218;7.73;3.58
68223;9.28;6.29
68224;14.33;5.64
68226;13.35;7.06
68227;6.49;2.34
68230;7.32;
68231;14.78;3.67
68235;7.47;4.41
68240;10.79;6.0
68242;8.04;3.55
68247;6.9;2.96
68249;11.6;6.45
68252;9.09;3.79
68253;19.42;12.95
68256;7.56;2.26
68257;12.86;7.87
68258;5.69;1.22
68266;7.33;3.22
68267;6.98;2.88
68269;14.69;7.54
68270;6.56;1.79
68271;8.8;2.49
68273;10.68;6.47
68277;16.04;10.24
68278;7.07;1.91
68283;10.19;5.52
68286;4.86;1.3
68287;10.09;4.92
68289;4.94;1.5
68292;10.67;4.28
68294;15.85;9.26
68295;9.2;4.85
68296;11.93;7.37
68297;11.9;3.74
68298;22.29;14.86
68300;6.83;2.74
68303;;0.0
68305;10.11;5.38
68306;8.02;
68309;9.22;3.23
68315;10.39;4.75
68316;9.89;4.95
68317;8.19;3.14
68318;10.23;6.45
68321;5.63;1.61
68322;7.78;2.54
68323;7.65;3.69
68329;11.25;5.35
68334;13.49;6.57
68337;5.45;
68338;8.18;3.06
68341;7.61;4.35
68342;8.62;3.45
68343;5.35;2.12
68348;9.15;4.08
68349;7.35;1.98
68351;7.14;
68352;10.51;2.65
68354;6.57;3.18
68355;12.52;4.91
68360;5.94;
68367;8.46;2.76
68368;7.36;4.38
68372;9.97;4.71
68374;7.36;2.25
68375;6.43;2.44
68376;6.98;2.09
68377;9.16;5.6
68379;7.38;2.52
68384;8.29;4.7
68385;4.99;
69002;14.95;
69003;5.8;1.5
69004;10.82;4.26
69006;14.1;7.4
69007;8.05;4.51
69009;6.12;1.01
69010;10.05;3.58
69013;5.8;1.08
69014;15.57;13.37
69016;;
69017;10.69;5.6
69018;18.42;9.72
69019;7.63;2.21
69020;5.97;
69021;9.5;3.56
69023;8.25;5.28
69024;8.8;3.66
69027;5.3;0.68
69028;4.71;1.34
69029;7.59;1.37
69030;9.8;4.77
69031;8.14;4.07
69032;8.43;2.84
69033;4.5;
69034;6.78;1.2
69036;10.45;6.15
69037;10.19;4.27
69038;6.82;4.09
69039;8.99;3.44
69040;7.56;1.05
69043;4.89;1.28
69044;5.83;0.8
69045;8.22;5.48
69046;4.57;1.0
69049;5.18;1.0
69050;7.74;2.4
69051;3.94;
69052;5.33;0.96
69055;5.6;
69056;7.56;2.09
69057;8.09;
69059;4.63;
69060;15.84;10.91
69061;8.02;3.41
69062;8.46;4.83
69063;6.8;1.91
69064;9.81;4.6
69065;10.94;6.56
69066;20.47;12.34
69067;10.29;4.41
69068;7.77;1.31
69069;5.17;0.92
69070;13.6;6.67
69071;7.49;
69072;5.06;0.88
69074;7.06;3.46
69076;3.01;
69078;7.01;
69080;6.14;2.05
69081;7.58;1.45
69083;3.54;
69084;17.63;12.95
69086;5.12;1.58
69087;4.58;
69088;6.97;0.96
69089;6.73;1.0
69090;6.86;
69091;9.71;3.27
69092;5.58;1.61
69093;13.08;5.71
69094;5.37;0.91
69095;7.97;3.86
69096;6.63;1.51
69097;6.12;
69098;7.54;
69099;10.44;4.54
69100;6.04;1.38
69102;7.84;3.76
69103;13.59;7.79
69104;13.65;7.62
69105;6.54;
69107;8.74;4.46
69108;8.97;4.29
69109;10.82;5.08
69110;11.23;5.72
69112;6.1;1.08
69113;10.31;4.93
69114;4.8;1.35
69115;5.0;0.85
69116;8.08;2.02
69117;4.24;1.18
69118;5.7;2.05
69121;5.7;0.96
69122;4.81;1.57
69124;15.87;10.16
69125;7.19;
69126;3.3;
69127;5.47;1.31
69131;4.7;1.19
69132;11.08;5.95
69133;6.33;1.52
69135;14.43;7.66
69136;5.38;1.27
69137;6.57;
69138;6.76;
69139;8.11;3.98
69140;5.89;2.69
69141;6.25;2.37
69142;7.74;1.24
69143;7.83;1.49
69145;19.1;12.94
69148;5.95;1.27
69149;7.91;1.75
69151;10.74;6.63
69153;6.32;2.32
69154;5.99;2.63
69156;4.86;0.99
69157;7.42;3.24
69160;13.49;5.88
69161;13.17;8.15
69162;14.27;8.27
69163;6.48;1.79
69165;12.78;6.3
69166;10.88;
69167;8.85;
69168;5.07;1.99
69169;9.19;5.95
69170;4.47;
69171;10.53;2.74
69172;10.0;4.63
69173;8.41;3.88
69174;8.46;
69175;7.52;4.18
69176;7.28;1.44
69177;5.44;2.67
69178;10.9;6.81
69179;5.28;1.26
69182;13.48;8.99
69184;5.56;
69187;8.08;4.04
69188;8.58;5.64
69189;11.84;4.53
69190;5.21;1.17
69191;7.28;1.65
69194;6.51;1.74
69197;7.78;4.79
69198;15.44;10.78
69199;9.28;2.71
69200;9.66;3.92
69201;13.55;4.97
69202;6.34;1.19
69203;9.25;4.3
69204;5.85;1.0
69205;5.14;1.05
69206;8.67;4.02
69207;7.33;2.8
69208;7.51;3.14
69209;14.95;8.41
69212;7.41;
69214;10.78;5.19
69216;10.0;6.0
69217;9.83;6.11
69218;9.75;5.6
69219;5.02;1.67
69220;8.76;3.22
69225;8.8;
69227;7.67;3.11
69228;6.85;2.57
69229;14.35;9.36
69231;4.78;1.59
69233;6.98;2.52
69234;7.87;3.43
69235;7.93;2.91
69238;10.86;3.83
69239;12.42;6.37
69240;14.32;8.72
69241;4.91;1.03
69243;14.51;5.78
69244;6.86;1.22
69245;12.34;5.04
69246;6.34;3.4
69248;22.35;14.86
69249;5.33;1.75
69250;6.54;1.14
69253;7.0;
69254;13.31;8.52
69255;6.05;1.46
69256;6.83;1.61
69259;7.23;1.76
69260;5.38;1.22
69263;9.03;4.41
69264;10.52;3.09
69266;7.91;1.52
69267;15.16;9.99
69268;5.84;1.05
69269;10.76;4.11
69270;4.7;1.44
69271;4.68;0.82
69272;3.27;0.7
69273;4.65;0.86
69275;6.13;1.2
69276;6.17;1.41
69277;4.57;1.07
69278;5.33;1.39
69279;5.07;1.46
69280;5.26;1.7
69281;5.38;
69282;5.19;0.83
69283;5.12;0.74
69284;3.95;
69285;6.39;2.54
69286;7.06;1.19
69287;5.19;1.14
69288;5.91;2.4
69289;5.53;1.88
69290;6.03;0.81
69291;6.86;1.12
69292;6.38;1.03
69293;3.7;
69294;6.34;1.53
69295;4.4;
69296;5.72;1.2
69297;4.78;0.77
69298;4.4;
69299;5.48;2.03
69381;11.11;2.99
69382;11.59;3.39
69383;8.82;1.4
69384;9.1;1.89
69385;8.93;1.71
69386;9.85;2.4
69387;8.75;1.34
69388;8.33;1.25
69389;8.53;1.81
70006;17.74;11.97
70012;16.62;8.72
70015;7.24;
70026;13.6;5.73
70028;;0.0
70031;9.84;4.92
70041;17.62;11.07
70044;6.8;
70051;;
70058;8.75;4.38
70059;9.01;
70084;8.54;
70085;8.42;
70094;10.53;
70095;13.65;6.35
70096;6.05;
70101;11.36;6.62
70102;9.72;
70104;12.81;7.8
70120;8.58;4.18
70121;6.74;3.5
70122;20.97;13.02
70144;;
70147;;
70149;6.34;3.17
70150;13.66;6.83
70151;;
70152;9.52;4.76
70154;9.58;
70160;;
70163;8.65;
70165;17.23;7.12
70167;;
70168;18.41;7.97
70171;14.01;8.48
70177;14.94;5.19
70178;10.45;4.85
70180;10.65;7.1
70183;23.21;
70184;8.33;
70197;12.66;4.22
70198;14.74;7.54
70202;39.53;34.88
70206;7.52;
70207;7.84;2.68
70208;7.8;
70211;;
70219;11.48;4.76
70221;12.14;
70224;6.31;
70227;22.1;13.21
70228;21.08;13.15
70240;13.84;8.7
70245;17.95;10.97
70249;15.07;
70255;11.28;7.14
70256;15.07;8.66
70257;10.47;5.52
70258;7.72;2.74
70261;9.36;4.29
70263;15.71;
70267;12.6;5.91
70269;;
70273;;
70279;20.96;10.73
70282;14.85;7.33
70283;20.51;15.1
70285;11.19;4.68
70292;21.53;13.16
70296;;
70299;9.94;
70308;17.28;9.88
70309;14.81;6.58
70310;14.54;7.13
70311;23.62;14.05
70315;14.35;
70318;7.05;
70321;6.81;2.69
70324;10.67;4.27
70325;8.64;
70334;12.06;5.97
70339;12.65;8.04
70341;11.43;
70357;15.24;8.57
70359;;
70363;6.42;
70373;24.51;15.42
70378;6.36;2.04
70381;;
70383;8.02;
70386;12.63;
70387;7.77;
70388;7.42;2.21
70390;11.38;6.5
70400;;
70404;25.06;15.31
70408;13.15;7.49
70413;8.15;4.38
70414;19.13;12.93
70415;12.37;6.71
70417;;
70418;14.41;7.21
70421;11.95;5.49
70422;;
70428;3.74;
70429;6.83;
70431;;
70432;9.2;
70433;5.0;1.83
70435;11.04;6.28
70437;;
70446;10.09;4.61
70447;9.01;2.64
70451;11.24;5.84
70455;5.92;2.37
70464;8.67;4.06
70467;22.05;14.07
70472;12.88;
70473;15.1;6.65
70477;9.59;5.81
70478;10.18;5.22
70482;13.14;5.16
70483;;
70485;10.56;
70489;16.05;9.31
70491;15.22;6.23
70492;14.79;5.75
70501;;
70506;6.83;
70507;;
70513;3.73;1.71
70526;18.16;9.93
70533;;
70537;12.32;
70545;;
70550;13.83;4.38
70561;17.42;5.75
70565;;
70566;13.98;
70568;;
70571;;
70572;16.13;11.06
70575;8.29;2.68
71003;7.82;4.5
71009;11.77;5.3
71010;11.04;6.53
71014;16.7;7.71
71015;11.2;6.52
71016;9.52;4.23
71018;11.22;4.49
71022;8.33;3.16
71023;5.09;
71027;10.53;4.71
71030;14.38;
71033;5.98;
71040;9.33;4.43
71042;12.5;6.85
71047;13.38;7.7
71052;9.95;4.27
71056;8.94;3.72
71059;7.47;2.92
71063;12.34;4.33
71064;7.43;4.73
71070;10.22;4.24
71073;13.51;7.56
71075;15.57;9.0
71076;14.18;5.42
71077;14.33;9.22
71079;10.16;5.86
71081;6.32;1.71
71090;7.18;3.45
71092;5.54;
71093;10.24;5.66
71097;11.76;6.72
71099;7.06;
71105;8.32;2.61
71106;17.93;9.36
71107;14.53;
71117;5.7;
71118;9.55;2.4
71119;6.02;2.91
71120;15.99;6.85
71121;12.57;
71122;12.0;8.62
71123;17.01;11.2
71126;4.55;
71132;11.68;6.2
71133;18.82;8.27
71134;11.28;5.51
71135;7.8;4.88
71137;10.0;3.45
71143;12.26;6.51
71145;14.82;7.55
71148;12.33;6.26
71149;17.55;11.62
71150;7.72;2.39
71152;24.09;
71153;15.84;6.39
71154;5.7;1.33
71155;23.99;15.61
71156;19.53;11.83
71157;12.42;5.26
71158;15.73;8.93
71165;12.73;6.98
71169;9.69;5.41
71170;6.56;2.85
71171;14.92;
71176;16.74;6.97
71177;11.01;5.05
71178;12.05;7.55
71182;5.25;1.8
71187;11.71;4.8
71189;6.38;2.53
71190;15.38;7.65
71192;12.19;5.24
71196;11.79;5.64
71198;12.16;
71200;11.6;5.93
71202;9.47;3.96
71203;;
71204;6.78;
71205;12.47;5.77
71209;9.97;3.32
71212;17.21;8.02
71213;11.39;5.38
71214;11.62;4.93
71215;5.23;1.54
71218;13.71;6.45
71220;13.03;7.82
71221;10.54;4.38
71223;12.38;7.04
71227;13.06;6.53
71230;13.1;5.59
71231;19.52;12.01
71235;6.72;2.0
71236;8.15;5.09
71238;12.86;6.86
71239;14.68;9.22
71241;11.07;5.34
71242;13.39;6.3
71243;14.83;6.22
71248;8.29;3.74
71249;10.29;5.96
71250;3.68;
71251;12.11;8.17
71256;10.95;5.47
71258;10.2;4.93
71261;11.54;5.77
71263;16.0;7.88
71266;15.3;7.09
71267;11.79;5.3
71269;9.51;2.38
71270;12.88;3.69
71273;17.65;11.23
71275;18.24;8.33
71279;13.14;6.9
71282;12.48;6.17
71283;6.19;
71285;13.07;7.52
71287;8.9;
71289;12.38;7.59
71294;9.63;6.23
71295;10.84;3.66
71297;12.03;5.52
71300;11.22;5.1
71303;5.98;
71306;16.45;7.22
71308;;
71309;11.76;5.16
71310;14.67;4.77
71315;11.34;
71318;12.93;7.7
71319;7.91;4.08
71320;17.89;11.58
71324;11.94;7.76
71328;11.97;6.65
71330;12.8;6.76
71331;;
71332;10.06;6.49
71333;4.26;
71336;5.51;2.79
71340;12.95;7.14
71342;11.84;3.34
71345;6.81;3.41
71346;11.02;6.95
71350;8.98;3.67
71351;12.68;5.65
71353;9.97;5.65
71354;12.8;6.57
71356;7.34;3.44
71360;8.63;3.03
71367;12.96;7.29
71370;10.81;5.71
71371;9.01;5.05
71372;10.9;5.6
71373;12.53;6.69
71376;14.29;6.35
71378;10.4;6.1
71379;11.69;6.24
71380;8.35;5.01
71382;14.62;8.25
71383;7.46;
71384;9.59;
71388;11.41;7.22
71389;12.31;6.67
71390;10.13;4.02
71391;10.68;5.83
71392;10.84;7.43
71394;14.29;7.62
71396;13.61;3.55
71398;5.13;
71399;15.32;7.23
71401;11.48;5.85
71404;7.37;3.98
71409;15.02;9.39
71410;15.92;11.21
71412;10.13;4.52
71413;8.56;5.38
71416;10.88;4.41
71417;16.89;9.05
71419;11.5;5.63
71420;6.33;2.4
71428;10.48;5.1
71435;14.16;
71436;6.94;
71439;6.38;
71440;14.97;9.89
71441;15.25;
71442;11.89;6.27
71443;7.64;3.03
71444;4.36;2.0
71445;7.07;2.33
71448;6.96;2.32
71454;17.02;
71455;9.23;
71456;5.88;2.66
71458;;
71460;8.26;
71463;8.14;
71468;5.16;
71469;12.24;6.75
71471;16.67;
71475;6.51;1.95
71477;9.54;
71479;9.53;3.79
71480;15.17;8.97
71481;13.12;6.98
71482;14.85;8.3
71484;9.12;4.35
71486;9.85;3.92
71489;6.52;
71491;13.22;6.26
71495;12.77;6.6
71497;3.77;
71499;9.3;3.67
71502;5.43;1.49
71509;9.52;
71510;16.25;10.08
71512;14.84;7.7
71513;4.25;
71516;7.65;4.41
71520;14.18;4.56
71522;10.88;4.9
71523;7.71;2.45
71527;18.9;10.37
71528;8.08;3.13
71540;6.7;2.28
71542;15.94;9.32
71543;16.67;7.01
71545;10.59;7.9
71546;14.56;6.9
71550;13.05;5.82
71552;13.56;8.14
71555;7.19;3.78
71556;12.36;5.45
71558;10.0;4.92
71564;14.22;8.41
71566;20.4;13.57
71571;13.08;8.85
71573;10.74;
71580;6.77;
71585;3.86;
71588;6.84;2.73
71589;12.9;
71591;8.37;
72001;4.73;1.58
72003;7.32;1.39
72005;9.95;4.37
72006;6.14;
72007;7.08;
72008;5.73;1.67
72009;12.5;
72011;12.47;6.45
72013;9.46;3.8
72016;10.47;3.12
72021;11.05;5.1
72022;7.47;2.87
72023;10.61;4.48
72024;5.15;1.01
72025;8.27;3.69
72026;7.31;3.38
72029;14.2;6.11
72034;6.47;
72035;16.73;9.1
72038;12.63;4.91
72039;11.35;5.14
72042;12.22;4.66
72046;7.54;3.16
72047;6.06;3.09
72048;;
72050;11.63;3.78
72051;6.7;1.61
72052;14.34;8.22
72053;7.07;2.47
72054;5.16;2.21
72056;5.35;
72057;;
72058;6.25;1.99
72059;9.01;3.7
72060;15.18;8.9
72061;8.52;4.26
72062;5.91;
72064;11.41;6.04
72065;6.02;2.51
72067;8.75;2.84
72068;15.62;7.98
72071;12.93;5.07
72073;7.19;2.59
72074;14.58;
72076;;
72079;7.75;
72080;5.28;2.44
72089;8.3;2.84
72090;9.4;2.85
72091;15.56;
72094;14.33;8.54
72095;5.86;1.75
72096;8.6;3.02
72098;11.68;6.87
72100;10.64;
72103;12.41;5.15
72104;12.85;5.21
72109;12.85;5.56
72110;7.02;2.66
72112;12.35;6.17
72115;10.48;5.15
72118;14.48;8.83
72120;14.85;
72122;6.65;3.33
72123;;
72124;7.82;3.16
72127;4.66;
72131;8.33;
72132;11.85;4.32
72133;4.41;1.91
72137;10.46;5.32
72138;15.13;7.44
72139;11.45;5.4
72141;8.24;4.01
72143;13.8;6.1
72146;3.92;1.1
72147;7.09;2.43
72148;;
72150;4.52;
72151;10.69;5.86
72154;8.46;2.85
72155;4.0;1.3
72156;7.69;2.35
72157;5.43;
72158;11.45;4.85
72161;8.15;2.95
72163;5.61;
72164;;
72165;6.89;2.71
72168;9.51;2.88
72169;3.96;
72172;6.66;2.27
72173;9.34;3.93
72175;12.14;5.57
72176;12.15;5.92
72179;10.7;3.4
72180;14.81;6.86
72181;9.03;2.02
72182;13.3;7.96
72183;11.73;7.72
72185;7.81;3.75
72187;8.83;3.25
72188;;
72189;14.2;6.33
72191;11.12;4.67
72194;10.28;
72195;8.29;4.98
72198;6.31;
72200;5.17;1.9
72205;6.46;2.84
72208;12.5;6.73
72211;14.94;9.64
72212;9.17;4.87
72213;4.27;1.04
72215;13.48;8.65
72217;6.8;2.91
72220;15.45;8.71
72223;11.11;4.23
72225;9.48;3.59
72226;6.42;
72227;;
72228;8.76;2.71
72230;5.73;
72231;7.45;2.75
72241;8.94;3.92
72243;9.29;3.69
72244;8.36;2.84
72245;5.32;
72247;4.92;1.93
72248;12.71;7.06
72250;14.17;
72252;7.54;3.09
72253;6.05;1.92
72255;13.4;6.94
72256;9.14;4.06
72257;5.08;1.63
72260;6.38;2.45
72262;13.33;7.25
72264;11.83;4.27
72267;10.81;4.73
72268;6.75;
72269;18.06;9.53
72275;6.26;
72276;9.67;3.19
72278;17.32;10.39
72280;4.67;1.45
72289;7.35;
72290;7.6;2.75
72291;11.76;5.29
72296;11.97;4.23
72299;6.01;1.91
72300;5.94;2.62
72303;11.22;5.25
72305;7.24;3.04
72306;6.48;2.22
72308;7.82;1.63
72310;5.17;1.65
72315;10.76;4.71
72316;5.76;
72317;11.11;
72320;4.35;1.52
72324;7.95;
72325;11.49;6.76
72328;4.38;1.08
72329;5.47;1.95
72331;12.08;5.37
72333;12.74;7.72
72334;17.61;8.76
72337;11.98;5.7
72338;4.21;
72343;8.92;4.09
72344;5.12;1.16
72346;6.39;1.97
72349;9.77;5.08
72350;4.6;1.13
72351;16.53;5.92
72356;9.43;4.51
72357;8.33;4.43
72358;8.16;3.94
72359;8.04;2.84
72360;5.76;2.02
72363;7.31;2.16
72364;13.23;6.94
72367;9.35;4.53
72370;13.33;
72372;;0.0
72373;12.94;6.47
72377;5.72;
72378;6.12;
72380;11.66;5.61
72381;5.54;
72385;8.0;2.58
72386;7.1;3.07
73003;9.81;4.26
73004;6.92;3.16
73006;8.22;3.03
73007;12.23;4.89
73008;9.18;2.53
73010;7.45;3.0
73011;11.88;4.82
73015;6.11;0.71
73019;8.2;4.46
73021;12.74;7.22
73023;13.2;2.81
73024;5.32;1.69
73026;8.0;4.0
73029;7.01;1.86
73030;6.38;1.06
73031;6.97;1.49
73032;11.02;5.34
73033;5.73;
73034;8.17;4.29
73036;5.32;
73039;7.5;
73040;5.53;3.62
73041;7.39;
73043;5.09;2.04
73047;6.49;2.83
73048;11.54;
73051;8.28;1.72
73053;12.59;6.47
73054;7.2;1.71
73055;7.77;2.85
73057;10.19;3.74
73058;12.83;8.17
73059;6.56;1.62
73063;12.9;7.31
73064;7.34;2.35
73065;9.16;2.18
73067;11.04;3.63
73068;6.05;
73069;12.47;6.86
73070;9.43;5.43
73071;6.95;2.34
73073;7.76;
73076;9.15;
73079;5.53;2.88
73081;8.22;
73082;5.41;
73084;11.45;6.02
73085;8.03;3.1
73086;12.73;6.36
73087;7.11;2.2
73089;8.46;4.81
73090;14.01;6.28
73091;7.29;
73094;7.73;2.78
73096;8.82;5.47
73097;7.19;
73098;7.34;3.33
73100;4.46;1.97
73103;5.8;1.54
73104;;
73105;9.17;2.77
73107;7.54;3.59
73109;11.2;7.89
73110;13.16;8.25
73114;9.6;5.57
73116;10.69;2.45
73117;15.93;10.18
73119;19.32;
73121;7.23;3.48
73123;10.17;4.46
73124;7.5;2.44
73128;7.26;2.29
73129;11.46;6.87
73130;7.6;2.43
73132;7.28;3.12
73135;12.74;6.5
73137;6.71;1.03
73141;6.12;
73142;3.73;1.19
73145;4.68;
73146;7.04;3.52
73150;7.48;1.99
73151;7.04;2.84
73153;6.3;3.58
73154;6.53;3.35
73155;4.8;1.53
73157;13.23;6.05
73159;8.79;3.64
73160;9.07;5.37
73161;9.19;4.77
73164;7.38;3.77
73171;8.91;2.54
73173;9.18;4.19
73175;7.41;
73176;6.37;2.16
73179;6.59;1.72
73180;7.09;
73181;15.96;8.66
73182;4.68;1.28
73183;8.27;3.22
73186;4.37;1.47
73187;11.18;5.19
73188;13.03;6.21
73191;7.37;2.88
73194;14.03;7.01
73197;9.02;3.53
73201;10.31;4.56
73204;12.59;6.52
73206;7.72;2.59
73210;7.73;
73211;8.3;4.58
73212;13.16;6.15
73213;5.77;1.36
73215;8.15;2.9
73216;9.54;
73218;9.92;5.7
73219;6.91;3.04
73221;9.82;
73222;5.84;1.47
73223;9.77;4.99
73224;12.18;6.77
73225;5.67;1.4
73226;8.82;4.47
73227;6.03;1.34
73228;5.23;
73230;14.63;5.21
73231;13.14;7.77
73232;10.78;5.0
73234;10.44;
73235;9.48;2.16
73236;10.94;5.44
73237;10.76;4.43
73240;5.84;
73241;8.81;4.73
73242;16.52;4.75
73243;6.51;2.7
73245;7.93;3.37
73246;;
73247;9.26;5.43
73248;14.06;6.5
73249;7.32;
73250;12.67;7.62
73253;12.65;8.33
73255;13.27;7.08
73256;13.64;5.79
73257;7.12;1.44
73258;14.31;7.95
73259;14.29;4.76
73261;15.89;8.7
73262;10.45;7.49
73268;10.07;6.14
73269;7.34;3.8
73270;10.83;5.68
73278;10.31;5.62
73280;15.84;3.48
73282;4.97;
73283;6.79;
73284;7.62;2.74
73285;8.99;2.93
73286;8.93;4.3
73288;5.26;2.8
73290;7.96;4.38
73296;7.61;1.06
73297;7.07;
73298;9.71;4.95
73300;7.14;1.9
73303;11.59;5.96
73304;4.18;0.71
73306;10.08;2.38
73307;10.85;3.08
73308;7.89;3.79
73310;5.4;
73312;8.57;4.69
73317;6.43;3.28
73318;10.59;0.94
73320;6.98;
73322;8.73;2.08
73326;6.27;1.8
73327;8.17;
73328;7.27;1.54
73329;6.51;1.37
73330;11.86;5.84
74001;11.02;6.47
74002;8.22;2.54
74004;9.95;
74005;5.06;1.28
74006;7.69;1.31
74007;7.52;2.97
74008;9.76;2.67
74009;3.42;
74010;7.32;1.15
74012;10.76;2.7
74013;6.25;1.82
74014;7.08;1.16
74015;8.8;5.11
74016;7.41;1.98
74018;7.01;3.21
74019;4.78;0.87
74021;6.09;1.86
74024;6.52;2.5
74025;6.18;3.09
74026;6.4;1.25
74030;13.81;7.14
74031;7.29;2.05
74032;7.99;3.06
74033;7.89;2.51
74034;9.07;3.16
74036;7.3;
74037;8.63;2.88
74038;10.12;3.13
74040;7.93;2.14
74041;12.22;
74042;10.01;2.64
74043;7.07;2.85
74044;8.14;
74045;15.23;8.64
74046;6.57;
74051;4.4;
74052;5.55;
74053;7.14;2.9
74054;9.28;5.69
74055;9.69;
74056;6.52;1.53
74057;7.4;4.17
74058;7.84;3.31
74060;;
74061;8.7;3.48
74062;6.91;2.3
74063;5.83;1.65
74065;7.72;
74067;7.38;1.58
74068;5.77;
74069;8.27;4.39
74070;7.26;0.87
74073;7.58;3.67
74074;9.91;4.33
74076;4.49;2.37
74077;9.13;3.57
74078;7.36;
74079;11.87;6.16
74080;5.88;2.19
74081;10.66;3.73
74082;8.22;2.02
74083;7.26;2.53
74085;5.82;1.51
74086;9.42;4.26
74087;6.73;2.11
74088;6.94;2.58
74089;7.44;3.31
74090;9.82;4.29
74091;9.7;3.23
74094;5.6;1.17
74096;8.47;2.62
74097;8.86;4.43
74098;4.95;1.8
74099;7.24;2.47
74103;8.21;4.06
74104;5.27;1.02
74105;8.97;2.99
74108;6.76;1.82
74109;6.36;
74112;5.24;0.72
74114;8.27;4.96
74116;7.01;3.1
74117;4.58;
74118;8.73;2.6
74119;8.95;2.67
74121;6.9;1.92
74122;5.44;
74123;9.75;4.15
74124;5.24;1.75
74126;5.26;2.63
74127;9.39;5.13
74128;7.62;2.49
74129;8.94;
74130;7.66;
74131;7.25;1.83
74133;11.71;3.65
74134;7.22;1.78
74136;5.89;1.85
74137;7.56;3.17
74138;9.1;4.76
74139;8.36;5.16
74140;9.14;4.05
74142;10.19;6.02
74143;6.87;1.8
74144;5.69;
74146;8.07;3.2
74147;7.38;2.04
74150;7.86;2.82
74151;9.13;
74152;6.04;1.96
74153;7.49;2.94
74154;8.7;3.91
74155;11.39;6.41
74157;6.91;3.04
74158;6.41;2.24
74159;10.75;4.69
74160;6.22;2.17
74161;5.85;1.63
74162;4.52;
74163;7.28;2.12
74164;8.62;3.99
74165;5.7;2.85
74166;6.34;3.27
74168;6.09;2.83
74169;8.46;2.57
74170;8.62;4.96
74171;8.75;2.64
74172;8.03;2.56
74173;8.58;3.57
74174;12.37;7.68
74175;13.8;7.55
74176;5.8;1.43
74177;5.72;
74179;7.77;2.85
74180;7.05;1.96
74183;10.74;5.5
74184;6.46;
74185;9.15;3.45
74186;8.62;
74188;9.61;5.14
74189;11.53;4.09
74190;9.01;1.93
74191;9.79;3.48
74192;9.16;6.37
74193;5.52;2.76
74195;6.98;
74196;8.74;3.56
74197;8.49;1.63
74200;7.17;1.79
74201;5.53;1.87
74202;7.56;3.2
74205;8.93;3.83
74206;8.81;3.89
74208;8.86;3.39
74209;6.69;2.18
74210;8.62;4.59
74211;7.19;3.23
74212;10.84;4.64
74213;4.22;0.83
74215;7.11;1.98
74216;7.32;2.32
74218;7.67;2.59
74219;5.32;2.23
74220;6.74;1.78
74221;8.75;3.21
74224;8.57;2.64
74225;9.38;3.05
74226;7.24;3.9
74229;8.96;2.33
74233;6.07;2.02
74235;5.56;
74236;7.36;2.46
74237;11.53;5.31
74238;9.67;3.71
74239;6.64;2.69
74240;8.79;3.75
74241;9.75;4.22
74242;5.78;1.55
74243;9.48;1.79
74244;8.63;2.64
74249;6.81;2.57
74250;8.13;2.73
74253;6.15;
74255;6.07;2.37
74256;8.67;2.8
74257;3.08;
74258;8.99;3.71
74260;5.49;
74261;4.64;
74262;8.9;3.74
74263;7.21;2.28
74264;8.27;2.35
74266;5.54;2.12
74267;6.51;1.44
74269;10.15;2.35
74271;3.32;
74272;5.97;1.06
74273;13.49;7.43
74275;7.59;2.17
74276;9.15;3.79
74278;8.02;2.08
74279;5.92;1.91
74280;8.82;2.72
74281;8.57;2.02
74282;6.64;2.64
74283;5.84;
74284;10.83;6.04
74285;8.3;
74286;13.06;6.61
74287;15.38;9.48
74288;8.47;2.32
74289;6.67;2.54
74290;8.12;3.38
74293;8.02;2.29
74294;8.53;3.19
74295;12.66;
74296;7.45;2.34
74298;7.98;1.81
74299;7.51;2.7
74301;10.55;4.9
74302;10.64;5.09
74303;6.74;2.36
74304;7.42;
74305;7.84;1.93
74306;4.56;
74307;5.27;
74308;11.22;4.21
74309;9.94;2.42
74310;6.24;1.98
74311;8.84;3.48
74312;5.5;1.63
74313;7.86;3.93
74314;9.98;3.18
74315;5.15;
75101;12.05;4.28
75102;11.74;3.76
75103;10.2;2.62
75104;11.03;3.32
75105;9.66;2.41
75106;10.75;3.43
75107;10.4;3.13
75108;12.94;5.33
75109;10.53;3.08
75110;10.49;3.24
75111;9.0;1.98
75112;8.16;1.65
75113;8.7;1.73
75114;8.51;1.74
75115;8.56;1.75
75116;8.96;2.39
75117;9.66;2.11
75118;10.18;2.47
75119;8.21;1.89
75120;8.39;1.67
76001;6.4;3.41
76004;5.38;
76005;8.1;1.84
76007;5.33;
76008;6.11;
76013;4.07;
76014;6.92;2.31
76015;9.23;
76018;10.0;5.09
76020;6.3;2.56
76025;10.36;
76026;8.54;2.53
76034;9.31;3.87
76035;16.27;6.9
76041;4.68;
76043;5.28;
76045;;
76050;5.25;
76051;9.25;3.51
76055;7.36;
76056;7.97;
76057;6.68;1.6
76058;10.32;
76062;;
76067;10.87;5.71
76069;5.18;1.52
76070;10.18;5.82
76072;4.35;
76088;6.07;
76090;5.65;
76095;8.27;1.39
76096;8.48;
76101;11.67;5.01
76103;9.77;4.09
76106;4.86;
76108;7.16;1.61
76110;;
76111;4.6;
76114;11.66;3.98
76116;4.39;1.13
76119;;
76122;6.84;
76123;5.71;
76125;6.79;1.77
76126;;
76128;6.93;
76129;11.11;
76131;11.93;7.02
76132;8.42;
76133;4.45;
76134;10.67;
76136;6.62;
76140;;
76141;7.13;3.29
76143;4.36;
76146;7.58;2.99
76151;;
76152;6.42;
76156;;
76157;7.22;1.75
76158;8.59;
76159;10.96;3.71
76163;4.73;
76164;9.84;3.35
76165;13.48;4.89
76168;;
76169;6.92;
76173;6.7;
76176;8.45;
76178;5.44;1.13
76179;5.59;
76181;;
76183;3.73;
76184;;0.0
76186;8.4;
76190;;
76192;7.66;2.19
76194;5.76;
76196;5.88;2.11
76198;5.52;
76199;5.09;
76201;6.42;
76206;;
76212;11.76;2.81
76216;9.45;2.03
76217;12.7;4.85
76219;11.63;3.88
76222;8.75;3.36
76223;4.98;0.0
76224;5.58;
76225;;
76228;;
76231;19.71;9.05
76232;4.65;
76235;8.55;3.08
76236;;0.0
76238;4.28;1.28
76239;6.76;
76240;4.5;
76245;4.92;
76247;7.52;
76250;3.16;
76251;;
76252;5.18;
76254;9.05;3.81
76255;9.73;3.32
76258;7.01;2.02
76259;9.91;3.04
76260;9.53;4.08
76263;9.42;3.14
76270;4.03;1.31
76271;4.04;1.67
76272;6.91;
76274;0.0;0.0
76275;3.11;
76276;13.87;6.13
76278;13.85;6.41
76281;6.1;2.46
76282;7.83;
76284;;
76286;7.03;
76287;5.23;
76288;7.05;
76289;7.54;2.9
76291;6.65;2.49
76294;8.22;
76295;13.04;5.48
76296;5.02;1.5
76302;7.09;1.3
76305;6.12;1.76
76307;7.62;2.13
76312;15.64;6.5
76313;5.57;
76315;6.47;2.99
76316;;
76318;4.86;
76319;6.2;1.68
76321;8.1;2.7
76322;5.96;1.11
76324;5.9;
76325;13.59;5.98
76329;7.39;2.52
76331;11.76;
76332;7.37;
76333;7.14;
76334;9.72;
76339;;
76341;9.39;2.23
76342;4.89;
76346;13.71;7.43
76348;5.32;
76349;7.38;3.15
76351;11.15;3.1
76354;3.41;
76355;8.52;3.02
76361;;
76365;;
76366;6.93;2.02
76367;2.61;
76374;8.0;2.48
76377;4.7;1.26
76378;8.38;3.45
76382;7.05;
76384;11.23;3.3
76385;6.01;2.11
76390;6.88;3.08
76391;3.43;1.52
76392;9.82;5.56
76395;6.14;
76397;10.2;4.96
76398;6.21;
76400;8.09;2.79
76401;7.46;2.16
76402;6.44;1.49
76403;;
76404;4.27;
76405;11.34;
76406;16.28;
76409;;
76410;7.64;1.84
76413;7.53;
76414;5.78;1.88
76416;;
76418;4.72;
76419;16.05;
76421;4.58;
76427;6.99;3.49
76429;6.97;1.96
76436;8.59;
76437;;
76440;;
76441;7.41;
76443;4.07;
76446;6.25;2.32
76447;6.92;1.35
76451;7.72;1.32
76452;7.59;1.94
76456;4.26;
76457;11.68;
76460;13.81;8.58
76462;11.9;3.84
76464;3.95;1.35
76465;6.72;
76467;4.98;1.77
76468;5.15;
76471;3.82;
76474;7.12;1.79
76475;4.97;0.88
76476;6.07;1.19
76478;;
76480;;
76481;4.39;1.45
76482;5.75;1.76
76484;8.42;2.64
76486;11.64;3.8
76488;6.99;
76490;10.23;4.8
76492;12.94;4.71
76493;9.36;
76494;;
76495;8.09;2.81
76497;6.25;1.75
76498;9.22;2.36
76499;5.67;
76502;;
76503;5.0;
76512;;0.0
76515;6.17;
76516;6.03;
76517;3.62;1.18
76522;5.5;
76528;6.15;
76531;9.77;
76533;3.61;
76534;5.91;2.84
76536;4.6;
76540;14.64;3.68
76541;3.02;
76545;6.97;
76548;11.47;4.49
76550;4.4;
76551;3.85;
76552;6.56;1.62
76553;;
76556;4.0;
76557;5.19;2.41
76558;4.78;
76560;6.65;
76561;7.49;1.94
76564;7.83;
76565;9.9;4.16
76566;7.89;
76568;4.71;
76570;;
76572;;
76575;9.7;2.98
76576;4.88;
76577;5.86;
76581;8.14;
76583;;
76589;;
76590;;
76591;4.81;1.6
76594;6.59;2.36
76595;5.58;1.3
76596;3.33;
76597;10.84;4.22
76599;6.6;1.94
76600;4.76;1.93
76602;8.09;
76605;5.68;
76606;14.77;
76608;4.79;
76610;4.45;1.84
76613;7.43;3.23
76614;5.59;1.76
76616;4.04;
76617;4.35;
76618;6.59;2.49
76619;13.26;6.63
76624;6.96;1.71
76628;3.8;
76631;5.44;
76632;7.64;
76634;4.79;
76635;;
76636;3.98;1.44
76637;5.42;
76640;6.65;1.84
76641;;
76642;10.66;
76644;5.76;
76646;6.38;
76647;8.16;2.55
76648;11.04;4.62
76652;8.59;3.68
76653;6.08;
76654;6.01;
76655;10.77;3.51
76656;5.88;
76657;4.53;
76660;3.87;
76662;;
76663;6.15;2.14
76664;12.96;
76672;9.05;3.48
76675;6.8;2.49
76678;9.32;4.28
76681;9.27;2.21
76682;5.41;
76683;8.79;3.58
76684;8.09;3.35
76685;5.21;
76689;;
76692;;
76697;6.09;
76700;6.46;
76702;6.7;
76705;6.97;1.65
76707;5.29;
76708;;
76709;9.51;2.67
76711;11.53;5.26
76712;4.76;
76714;3.88;
76716;3.24;
76717;5.07;
76719;8.68;5.21
76720;5.32;1.77
76727;5.28;
76732;;
76734;;
76735;9.3;2.55
76736;5.4;
76739;9.77;
76743;6.4;1.47
76744;;
76748;8.52;3.85
76750;6.25;
76751;6.04;
76752;9.14;3.44
76753;4.51;
76754;8.72;2.25
76755;5.75;
76756;;0.0
76757;8.68;
76758;9.4;2.3
77001;8.47;2.27
77002;10.82;4.22
77005;6.96;2.36
77007;6.51;
77014;9.5;2.34
77016;8.32;3.95
77018;12.96;8.67
77022;9.47;4.32
77024;8.24;
77026;9.14;
77027;11.53;6.95
77032;7.97;2.9
77036;;
77037;5.93;1.81
77040;4.69;0.99
77041;;
77047;8.55;3.15
77048;7.42;3.21
77051;15.77;6.83
77052;;
77053;8.75;2.75
77054;9.04;4.52
77055;6.49;1.01
77056;12.12;
77057;8.55;
77058;5.53;0.71
77061;8.71;2.42
77062;6.07;
77065;8.9;4.28
77066;10.83;
77067;3.98;0.6
77069;8.04;3.2
77070;8.19;4.09
77072;16.46;9.18
77075;7.71;2.79
77078;6.76;2.08
77079;9.05;3.23
77083;5.31;1.17
77084;9.18;3.44
77085;5.32;
77086;8.94;4.11
77087;;
77088;11.38;3.41
77095;5.31;
77096;7.77;2.67
77097;;
77099;12.51;6.5
77100;8.55;4.25
77107;10.36;4.68
77108;6.06;1.44
77109;7.61;2.69
77110;9.3;
77111;5.24;1.1
77114;6.92;2.66
77117;12.2;7.98
77118;8.18;2.23
77121;4.77;
77122;5.46;1.26
77123;5.93;
77124;5.09;
77126;7.68;2.51
77127;14.89;2.8
77128;11.72;3.55
77130;9.7;
77131;11.2;4.02
77132;5.17;1.93
77136;;
77139;4.83;1.28
77142;8.61;2.91
77143;4.9;0.86
77144;;
77146;4.09;1.98
77148;8.89;3.18
77151;12.75;
77152;7.29;1.28
77153;8.73;2.72
77155;6.16;2.51
77159;11.23;5.61
77164;6.17;
77168;11.43;5.18
77169;4.07;
77171;6.01;1.92
77175;5.76;2.56
77176;8.18;2.81
77181;6.74;1.43
77182;14.24;5.62
77183;10.35;3.19
77186;12.68;3.99
77190;;
77192;7.78;3.12
77193;;
77196;5.23;
77197;;
77199;6.78;
77203;6.51;2.12
77204;;
77205;;
77207;12.79;
77208;11.09;5.55
77210;7.15;2.71
77215;9.36;3.64
77216;6.98;2.15
77217;10.94;5.04
77221;4.03;
77222;7.46;3.04
77226;7.4;2.47
77237;11.81;5.21
77238;8.74;3.7
77239;9.67;5.52
77240;9.8;4.9
77241;7.17;2.98
77243;8.06;2.14
77249;3.41;
77250;;0.0
77251;4.71;0.49
77254;5.5;
77255;5.3;2.33
77256;14.94;
77257;11.07;3.69
77258;4.67;0.85
77259;8.61;3.85
77260;9.16;2.69
77261;12.74;6.05
77262;10.25;5.65
77263;9.82;
77265;10.39;4.51
77268;4.33;0.92
77269;8.01;4.29
77272;8.2;3.97
77276;5.88;1.22
77278;7.18;
77279;7.47;2.9
77282;9.23;
77284;9.41;2.19
77285;6.9;1.41
77287;8.98;
77288;11.51;3.08
77291;10.69;
77292;6.01;
77293;6.03;2.93
77294;7.27;2.25
77296;5.4;0.8
77297;11.35;
77298;7.44;
77302;5.96;1.8
77305;13.23;4.86
77307;6.2;1.11
77309;6.49;2.74
77310;9.74;
77311;7.91;4.34
77312;9.89;3.85
77314;9.3;
77315;6.44;2.3
77316;8.57;3.12
77317;8.71;3.25
77318;6.06;1.86
77320;7.6;2.73
77321;9.97;4.98
77322;5.89;1.49
77323;4.34;2.08
77326;3.8;0.77
77327;10.19;3.42
77328;5.99;
77330;6.37;2.23
77333;12.97;4.62
77335;4.71;1.97
77336;7.16;3.37
77337;4.41;0.73
77338;6.69;
77342;;
77344;4.32;
77349;4.23;1.05
77350;5.17;0.95
77356;;
77357;7.63;4.24
77359;7.67;2.56
77363;9.12;4.2
77364;;
77365;4.37;
77368;12.5;
77371;10.6;4.57
77372;6.22;2.07
77373;5.77;1.1
77374;9.16;3.23
77378;7.12;1.27
77379;14.78;6.51
77382;5.74;2.09
77384;8.37;4.03
77385;10.59;5.24
77386;8.35;
77388;9.79;5.29
77389;7.95;1.45
77390;4.61;1.01
77393;10.89;5.86
77394;4.53;1.16
77397;8.04;4.07
77402;7.27;
77404;8.64;4.44
77406;6.97;4.14
77407;7.07;1.46
77408;6.34;
77409;5.07;1.54
77410;8.55;
77411;6.56;
77413;5.74;1.07
77414;8.47;
77415;8.92;4.2
77416;10.74;
77418;8.91;4.21
77419;7.87;2.91
77420;8.12;3.11
77430;4.94;0.8
77431;8.09;3.04
77437;5.99;1.86
77438;6.2;1.69
77439;5.81;
77441;7.83;2.55
77442;6.05;1.54
77445;4.5;0.76
77447;8.3;3.25
77449;9.44;1.87
77450;4.94;0.82
77452;;
77455;8.74;3.91
77456;11.3;5.9
77458;12.56;7.12
77459;7.34;2.94
77462;26.06;11.74
77464;7.05;1.83
77468;5.99;1.29
77470;11.25;4.52
77475;5.93;1.62
77479;6.09;1.07
77480;10.68;5.21
77481;14.29;
77482;7.44;2.23
77483;8.38;2.87
77487;4.97;1.26
77490;7.04;
77492;14.06;6.25
77493;4.94;2.32
77494;5.36;1.93
77495;4.2;0.69
77500;8.76;
77506;7.81;3.6
77507;11.01;
77508;9.54;5.13
77510;6.83;4.17
77511;13.91;6.62
77513;7.03;1.15
77514;6.85;1.81
77519;12.27;4.78
77520;5.62;3.15
77521;7.98;3.17
77523;13.29;
77527;10.04;
77531;11.15;5.95
77533;5.02;2.42
78003;5.19;1.66
78005;6.39;2.23
78010;4.84;
78015;5.86;0.92
78020;4.53;
78029;7.18;1.4
78030;9.15;3.7
78043;6.7;1.57
78049;6.61;3.5
78062;5.45;1.24
78068;7.26;3.63
78071;7.2;
78072;7.69;
78073;6.04;0.75
78077;6.3;3.53
78084;8.54;
78087;6.58;1.29
78089;11.38;3.37
78090;9.37;3.49
78092;7.72;1.77
78096;7.38;
78107;8.09;3.05
78108;8.1;
78113;5.1;
78117;6.03;0.9
78118;4.37;
78120;4.74;2.05
78123;6.92;1.25
78124;5.61;1.31
78126;5.81;0.86
78128;6.4;2.64
78133;6.69;1.05
78138;8.23;2.31
78143;6.94;2.03
78146;6.77;1.05
78147;6.7;
78152;5.82;1.36
78158;6.67;1.26
78160;8.56;2.24
78163;9.58;
78165;5.42;1.06
78168;6.13;1.79
78172;6.1;1.38
78190;6.18;1.69
78192;7.17;3.12
78193;9.21;5.08
78194;;
78202;5.65;
78206;6.51;1.49
78208;5.76;0.89
78217;7.71;2.32
78220;7.23;2.96
78224;5.43;1.22
78231;;
78233;7.01;2.2
78234;;
78238;7.77;2.78
78239;7.48;2.73
78242;6.64;0.89
78245;;
78255;7.8;2.68
78267;6.27;1.25
78269;6.01;1.72
78281;14.33;6.19
78283;8.5;
78285;7.69;
78291;8.6;4.62
78297;5.12;0.48
78299;6.63;2.47
78302;;
78307;6.53;2.9
78310;11.19;4.34
78311;6.4;1.2
78314;4.41;0.83
78321;5.33;0.82
78322;6.51;1.4
78327;6.91;2.18
78335;7.42;1.82
78343;6.9;2.36
78344;6.71;
78349;10.04;4.25
78350;6.85;1.31
78354;3.46;
78356;5.24;0.93
78358;7.08;1.29
78361;11.13;3.84
78362;7.01;1.4
78367;5.24;
78368;5.9;
78372;5.92;1.0
78380;8.46;4.55
78381;8.01;3.9
78382;5.38;1.14
78383;5.85;0.87
78385;;
78391;10.5;
78396;5.42;1.06
78397;4.67;0.99
78401;11.04;3.13
78402;5.98;1.45
78403;6.26;2.15
78404;8.82;
78407;3.85;
78413;6.4;
78417;6.49;
78418;6.0;1.3
78420;10.3;4.43
78423;4.73;0.56
78431;6.89;3.49
78439;;
78440;7.52;2.26
78442;7.94;1.49
78444;4.72;
78451;6.94;2.65
78455;5.94;1.19
78460;10.89;4.43
78465;7.47;3.36
78466;6.37;1.82
78472;;
78481;6.67;1.14
78484;7.48;3.43
78486;7.59;2.46
78490;5.6;0.59
78498;7.19;1.45
78501;5.83;1.22
78502;8.38;1.38
78513;8.67;2.41
78516;3.67;
78517;7.76;1.47
78522;9.37;4.07
78528;14.13;
78531;7.62;3.27
78537;6.09;1.69
78545;7.29;1.73
78551;9.1;1.9
78558;;
78559;10.0;
78561;;
78562;7.44;2.3
78567;5.46;2.73
78571;6.05;2.24
78575;8.52;3.97
78576;5.42;
78586;6.47;1.27
78591;8.85;3.11
78601;7.02;3.27
78605;6.29;3.35
78606;;0.0
78608;;
78615;5.77;2.89
78616;7.94;3.08
78620;5.76;
78621;7.16;1.58
78623;6.87;
78624;6.86;2.02
78638;7.67;2.07
78640;4.33;0.58
78642;5.66;0.86
78643;5.15;1.36
78644;4.6;
78646;8.6;1.86
78650;7.1;1.19
78668;8.81;4.72
78672;6.24;1.76
78674;4.28;0.87
78681;4.12;
78683;4.1;0.88
78686;6.3;1.39
78688;4.83;1.25
79001;16.53;6.41
79003;4.59;1.16
79005;13.19;6.85
79008;11.99;3.83
79010;9.39;5.46
79013;11.07;5.38
79014;13.36;6.33
79023;;
79024;5.67;1.65
79025;12.17;6.09
79029;14.67;8.08
79031;8.35;2.25
79034;5.68;1.42
79038;11.07;6.38
79047;13.69;5.7
79048;5.87;1.33
79049;8.53;2.84
79050;7.34;
79055;;
79056;9.56;3.36
79057;8.46;3.62
79058;8.16;3.5
79059;15.0;7.5
79061;9.19;3.18
79062;8.12;3.34
79063;12.3;6.34
79064;10.37;4.94
79066;11.93;5.0
79069;11.26;6.28
79076;8.87;3.61
79077;14.5;6.3
79078;9.8;5.6
79079;7.66;2.49
79080;6.77;2.2
79081;5.65;1.49
79083;11.9;4.88
79088;8.82;3.92
79090;13.95;4.73
79091;6.73;2.78
79094;11.86;5.51
79095;8.9;4.71
79096;6.75;2.55
79100;7.96;2.65
79101;11.54;5.17
79102;14.35;5.65
79103;9.24;4.28
79106;19.85;11.45
79109;6.06;2.16
79112;4.6;
79114;6.62;1.76
79115;15.59;10.29
79116;8.98;4.3
79120;14.63;7.91
79122;10.23;3.96
79123;9.94;4.48
79125;6.6;1.78
79129;3.76;
79130;7.16;1.55
79132;9.36;
79133;6.8;2.91
79135;11.93;5.14
79136;12.68;5.7
79137;6.25;
79140;10.2;4.08
79141;16.54;8.27
79142;;
79147;9.95;5.72
79148;13.77;5.21
79162;6.54;1.89
79163;9.33;
79164;;
79166;7.4;4.08
79170;9.0;2.87
79172;11.37;5.33
79174;9.79;4.19
79176;12.55;5.41
79177;8.76;
79179;10.02;4.53
79184;11.9;5.72
79185;5.5;1.66
79191;10.29;2.49
79195;7.66;2.61
79196;13.41;6.78
79201;11.09;5.49
79202;11.94;4.07
79204;7.13;
79208;12.08;6.42
79210;8.84;5.89
79213;6.73;2.0
79216;7.2;1.9
79217;7.76;
79226;15.34;5.82
79230;11.5;5.54
79235;9.1;5.01
79238;7.11;
79239;11.44;5.25
79242;8.57;3.81
79246;9.16;
79251;7.5;3.61
79254;12.27;
79255;17.09;10.05
79257;11.46;6.0
79258;14.09;7.73
79259;9.64;3.31
79267;12.35;
79268;13.6;6.65
79270;12.43;4.06
79273;4.76;
79274;6.74;
79276;7.39;3.79
79277;10.98;6.06
79280;13.74;7.43
79281;5.25;
79283;4.6;
79285;7.12;3.15
79286;13.58;6.42
79289;7.8;
79290;9.45;4.18
79293;3.62;
79294;12.5;
79298;4.69;
79299;12.27;5.71
79300;8.08;3.36
79302;7.32;2.64
79307;13.01;6.37
79309;11.9;5.24
79311;15.02;6.62
79316;11.79;
79319;7.67;2.56
79322;6.75;2.88
79326;16.56;7.12
79329;11.45;4.1
79331;26.17;
79332;;
79335;7.63;3.42
79336;12.8;
79337;10.02;3.54
79339;12.2;5.53
79342;12.76;4.85
79343;11.63;
79345;10.86;5.12
79346;;
79347;4.88;
79351;8.84;3.38
79355;7.14;1.74
80001;12.84;4.25
80003;10.31;5.38
80005;;
80009;8.91;3.56
80010;11.39;2.39
80011;6.87;2.58
80013;9.95;5.16
80016;11.27;4.45
80020;;
80021;11.88;3.17
80026;;
80029;10.4;6.19
80033;;
80039;11.17;4.9
80052;11.32;
80053;;
80060;;
80062;12.81;6.72
80063;8.56;4.05
80064;;
80070;8.53;4.18
80071;8.67;3.83
80077;;
80078;8.23;
80081;;
80082;8.23;
80086;10.82;4.42
80089;13.28;
80093;12.02;5.01
80096;10.46;6.54
80100;5.39;
80103;;0.0
80127;8.83;3.99
80131;8.97;2.69
80134;;
80136;11.07;4.77
80137;5.0;
80138;;
80140;;0.0
80163;9.21;6.23
80164;5.24;1.83
80168;6.8;2.72
80171;4.95;
80174;;
80181;;
80182;8.89;3.36
80184;14.15;9.0
80186;10.26;2.69
80190;7.47;3.3
80192;9.56;
80193;;
80195;;
80203;;
80204;12.03;5.35
80205;12.29;5.51
80211;11.47;4.62
80212;8.64;3.26
80219;;
80222;10.08;3.63
80225;;
80228;7.78;2.33
80229;11.76;
80234;8.24;
80235;11.25;4.61
80239;;
80241;13.17;6.87
80247;10.46;4.25
80253;13.92;6.65
80256;7.02;1.65
80260;8.27;3.78
80261;8.15;3.81
80265;7.14;
80269;;
80271;10.1;6.39
80274;9.07;3.96
80282;8.04;
80283;;
80285;11.76;
80293;10.98;
80295;11.88;5.31
80296;11.5;4.93
80297;;
80302;;
80308;7.68;3.34
80312;11.85;
80316;5.08;
80317;;
80318;11.41;4.56
80325;;
80333;6.85;1.88
80336;;
80338;7.31;2.48
80346;;
80350;6.11;
80356;;
80358;0.0;0.0
80360;9.71;5.05
80368;11.94;6.26
80373;13.43;5.94
80375;10.42;
80379;3.96;
80381;;
80387;;
80391;;
80392;10.04;4.63
80397;;
80406;10.17;4.93
80408;;
80410;12.75;5.59
80417;9.56;3.72
80423;;
80428;;
80429;;
80433;;
80442;7.36;2.98
80443;11.75;6.0
80445;13.64;
80458;;
80459;;
80460;;
80473;9.86;
80478;;
80484;14.94;
80486;10.16;6.42
80487;;
80488;10.62;2.59
80489;8.25;2.85
80491;;
80495;14.13;9.29
80507;6.19;2.81
80508;;
80509;12.7;6.35
80511;;
80519;9.91;
80520;;
80523;7.41;4.45
80524;6.64;
80526;14.63;
80530;7.09;
80533;10.55;3.12
80538;19.12;
80542;8.78;
80548;6.79;
80549;11.04;5.99
80552;10.94;3.82
80554;8.43;4.45
80556;9.85;3.58
80561;11.59;3.75
80565;;
80570;8.82;3.0
80579;10.59;5.17
80585;14.57;6.94
80589;;
80590;12.1;
80595;;
80598;10.65;4.18
80600;10.98;4.15
80606;14.56;8.62
80609;11.17;
80613;7.91;
80618;9.15;4.26
80620;12.33;5.14
80621;6.5;
80622;10.71;5.78
80625;7.4;3.34
80627;5.34;
80630;10.81;3.67
80632;9.27;2.98
80634;;
80635;8.15;3.06
80639;5.73;
80644;8.23;3.35
80649;7.34;2.27
80650;8.77;
80656;10.21;5.59
80663;14.21;
80664;;
80666;;
80667;;
80670;9.56;
80674;6.9;2.4
80675;;
80676;;
80677;10.81;5.6
80680;9.3;3.29
80685;12.15;5.06
80688;9.09;2.99
80692;10.0;2.73
80693;12.5;6.52
80695;14.36;7.43
80696;6.57;2.25
80697;;
80698;11.67;
80706;7.92;3.44
80707;;
80711;13.92;6.43
80713;8.7;
80714;8.55;1.95
80716;9.25;3.91
80717;8.16;3.4
80718;5.78;2.45
80721;8.95;3.9
80723;10.24;
80724;5.16;1.96
80725;6.99;2.41
80735;;
80738;;
80744;;
80746;7.95;2.91
80756;;
80767;;
80771;;
80773;26.09;
80774;12.14;
80775;7.24;
80776;;
80779;5.96;
80780;9.39;
80792;;
80793;8.37;3.31
80796;;
80797;;
80798;9.02;3.49
80799;6.43;2.31
80811;7.92;
80819;;
80827;8.17;4.09
80828;;
80835;;
80836;;
81002;8.86;3.41
81003;13.5;7.64
81004;10.73;3.13
81005;9.28;5.99
81014;13.48;6.87
81015;;0.0
81018;8.11;2.14
81021;8.9;3.69
81026;11.84;7.63
81032;6.65;3.65
81033;12.7;5.86
81034;18.77;8.87
81035;11.63;
81037;14.51;7.58
81038;8.17;2.98
81039;10.26;4.93
81041;;
81042;7.97;3.55
81044;10.49;
81045;15.38;6.92
81046;9.41;6.09
81048;7.49;2.93
81051;9.38;4.97
81052;3.69;1.19
81054;8.39;3.44
81060;12.96;5.48
81062;15.31;8.46
81063;7.15;3.25
81064;10.32;5.16
81065;13.04;5.09
81069;19.44;11.82
81070;6.51;2.52
81076;9.97;5.92
81081;12.0;5.1
81083;9.66;
81092;12.55;6.49
81095;20.97;
81099;10.39;3.53
81105;12.12;5.21
81112;9.29;3.56
81115;22.03;12.69
81116;4.02;1.54
81118;;
81120;10.27;4.5
81124;14.62;8.11
81128;11.29;5.94
81129;11.2;
81130;8.24;1.93
81131;6.07;2.45
81133;11.11;
81138;9.01;
81139;9.51;6.31
81140;11.89;4.86
81144;6.72;2.43
81145;10.42;3.75
81147;9.11;4.46
81152;10.13;
81156;6.61;2.49
81163;16.53;7.5
81170;9.19;5.54
81176;;
81179;12.0;
81182;11.35;6.7
81192;15.07;8.01
81195;7.49;
81201;11.36;5.59
81202;8.18;3.27
81203;20.15;15.53
81204;7.25;3.62
81209;8.95;4.41
81210;12.2;
81218;5.46;2.22
81219;12.91;6.78
81220;8.96;3.51
81222;11.45;5.31
81227;12.25;5.84
81233;9.65;5.42
81235;6.65;3.47
81238;10.27;4.86
81239;13.71;9.2
81244;8.54;3.47
81251;8.45;3.62
81255;;0.0
81257;7.93;2.65
81262;9.55;
81263;10.85;
81266;12.14;5.73
81267;15.06;8.71
81271;6.01;1.5
81273;6.54;2.14
81276;8.25;4.55
81281;7.09;2.17
81284;6.94;
81285;13.08;
81288;10.84;4.38
81289;14.65;5.08
81291;6.18;
81295;17.01;12.24
81297;6.17;2.16
81303;23.41;18.41
81305;15.76;8.44
81306;11.16;6.83
81308;14.93;8.86
81309;12.79;6.39
81314;18.58;11.68
81315;9.04;3.3
81317;10.63;5.15
81325;5.76;1.99
82002;7.78;3.18
82005;6.69;2.03
82008;12.73;5.45
82009;;
82010;12.68;
82013;12.93;5.83
82018;7.52;2.57
82022;17.99;10.38
82023;9.66;5.29
82025;5.27;1.77
82026;13.68;6.84
82027;7.38;3.02
82030;12.04;6.94
82031;8.35;3.97
82032;14.13;8.59
82033;11.25;4.22
82035;12.87;
82037;11.43;3.7
82038;17.78;10.06
82039;8.58;
82042;15.16;7.79
82043;;
82044;7.49;2.46
82047;;
82048;8.02;2.76
82049;10.26;5.52
82050;12.73;4.5
82054;7.78;
82061;14.29;6.59
82062;9.08;3.63
82063;13.8;7.07
82064;18.75;
82066;7.53;
82070;;0.0
82071;0.0;0.0
82072;12.02;5.05
82073;6.08;2.48
82075;6.87;2.08
82076;9.22;5.12
82079;7.19;2.7
82080;7.34;3.17
82085;6.21;2.26
82087;9.79;4.57
82088;16.64;9.11
82089;12.65;6.17
82090;8.14;3.88
82093;12.03;7.22
82094;14.33;7.16
82096;6.2;1.8
82097;10.41;4.55
82101;11.68;5.67
82107;;
82108;6.54;2.28
82112;13.41;6.42
82113;12.88;7.34
82115;10.38;5.09
82117;13.75;7.07
82121;9.93;3.32
82123;6.54;1.69
82124;6.07;1.59
82125;8.2;2.59
82126;7.83;2.9
82131;12.37;5.36
82132;14.92;6.35
82134;8.39;2.78
82135;6.14;2.1
82136;6.69;2.03
82137;13.72;8.84
82141;12.15;5.56
82142;6.6;1.45
82147;14.43;9.73
82149;8.74;3.39
82150;6.39;3.07
82151;10.62;5.01
82152;10.84;
82155;13.75;7.38
82161;5.3;1.1
82165;11.41;6.46
82166;20.81;11.56
82167;4.6;2.06
82169;9.29;3.5
82171;6.72;3.45
82173;12.64;5.95
82178;9.7;5.26
82179;9.78;4.62
82186;14.02;6.78
82187;13.5;7.15
82189;11.68;7.06
82190;8.38;2.22
82194;5.31;
83001;6.13;1.96
83002;12.18;6.09
83004;9.83;3.87
83005;8.14;3.56
83007;14.86;5.98
83008;10.85;2.71
83009;6.27;1.3
83010;15.85;
83011;16.69;7.14
83012;14.95;7.41
83013;8.68;
83014;13.18;5.81
83015;9.84;4.12
83016;7.32;1.86
83018;8.73;3.02
83019;6.46;1.48
83021;8.78;3.69
83022;;
83023;12.68;5.16
83026;14.95;6.98
83027;6.69;2.44
83028;12.03;6.32
83030;9.29;3.83
83031;9.27;3.34
83032;11.22;4.37
83033;7.58;2.58
83034;6.38;1.56
83035;6.61;1.67
83036;7.11;1.22
83037;8.7;3.96
83038;15.14;7.43
83041;13.32;5.08
83042;8.61;2.26
83043;13.01;6.3
83044;14.53;
83045;14.77;8.04
83046;11.87;5.29
83047;5.66;1.55
83048;7.19;1.8
83049;7.52;2.01
83050;10.46;3.23
83051;10.49;4.4
83054;5.75;1.01
83055;9.12;3.5
83056;9.43;3.58
83057;8.44;3.27
83058;9.78;3.39
83059;6.44;1.7
83061;7.95;1.6
83062;6.24;1.16
83063;11.27;4.62
83064;5.78;1.61
83065;10.4;3.42
83067;14.25;7.26
83068;8.58;2.22
83069;8.42;2.25
83070;6.76;1.71
83071;5.84;1.4
83072;11.2;4.2
83073;12.82;4.64
83074;9.63;
83076;10.55;4.36
83077;9.54;3.9
83079;7.93;2.49
83080;9.75;4.93
83081;6.95;2.0
83082;17.02;10.11
83083;11.94;6.14
83084;12.87;6.16
83085;7.7;2.34
83086;9.57;3.6
83087;7.55;2.48
83088;5.72;2.52
83089;11.68;7.12
83090;6.87;1.8
83091;9.71;3.92
83092;11.5;5.17
83093;5.86;1.74
83094;7.81;1.92
83095;10.91;6.44
83096;6.66;1.94
83097;7.02;2.46
83098;6.22;1.4
83099;7.55;2.01
83100;8.91;4.04
83101;7.74;2.74
83102;7.85;2.65
83103;6.28;1.73
83104;8.01;3.41
83106;4.93;1.18
83107;7.35;1.78
83108;8.23;3.25
83109;6.33;
83110;11.92;4.64
83112;6.12;1.23
83113;9.68;3.01
83115;8.49;2.04
83116;7.65;2.27
83117;7.99;3.02
83118;8.08;1.6
83119;9.83;4.04
83120;6.62;1.38
83121;11.86;5.05
83122;10.67;5.06
83123;6.68;1.67
83124;8.91;3.85
83126;7.88;1.9
83127;10.62;5.48
83128;8.12;4.43
83129;6.18;1.05
83130;6.23;1.54
83131;6.79;1.78
83133;7.83;3.28
83134;8.95;4.29
83135;12.05;6.34
83136;8.17;2.64
83137;9.89;2.62
83138;7.91;2.33
83139;10.14;5.2
83140;8.62;3.28
83141;7.26;2.1
83142;12.5;5.24
83143;9.11;3.73
83144;7.37;1.24
83145;15.92;8.57
83147;;0.0
83148;8.89;2.68
83149;10.73;3.34
83150;8.02;2.83
83151;12.1;4.35
83152;5.74;1.81
83153;8.8;1.99
84001;6.69;2.18
84002;9.83;3.78
84003;16.93;8.82
84004;6.85;2.29
84007;12.61;3.78
84009;8.43;2.42
84010;8.62;2.37
84012;10.22;3.77
84014;8.15;2.47
84016;7.49;1.99
84017;7.86;2.83
84019;12.32;5.79
84020;10.76;5.56
84022;10.3;
84025;8.38;4.19
84026;10.85;4.56
84027;8.91;4.79
84029;8.55;3.29
84030;7.87;3.36
84031;11.03;4.1
84032;7.14;3.97
84034;7.02;2.51
84035;10.4;3.43
84036;7.22;3.69
84037;17.92;11.8
84038;5.36;1.69
84039;9.82;3.33
84042;9.44;4.1
84043;6.3;2.2
84044;10.96;5.35
84045;5.71;
84047;6.4;2.28
84050;9.01;4.38
84051;10.87;5.18
84052;8.33;3.12
84053;11.11;5.05
84054;8.64;3.05
84056;6.71;2.06
84057;6.71;
84058;5.1;
84061;9.94;
84064;9.12;4.59
84065;7.53;2.07
84066;18.42;12.72
84068;9.82;4.63
84069;11.19;5.71
84070;7.8;3.57
84071;5.59;2.02
84072;7.83;3.62
84073;9.05;3.95
84074;6.05;1.55
84076;11.63;6.84
84078;10.76;5.25
84079;13.26;8.6
84080;8.13;2.74
84081;6.19;1.3
84082;12.84;5.63
84083;10.72;4.32
84084;8.56;3.28
84085;10.62;5.44
84086;7.05;3.32
84087;10.76;3.98
84088;7.92;2.65
84089;9.29;3.23
84091;7.98;2.44
84092;8.45;2.43
84095;5.26;
84097;10.72;3.74
84099;7.22;2.46
84100;15.85;
84102;7.49;3.11
84103;10.71;4.36
84105;10.34;6.23
84106;11.44;4.64
84107;21.85;13.88
84111;6.53;
84117;11.89;6.61
84118;7.93;4.15
84119;6.25;1.19
84122;8.79;3.54
84123;17.29;10.66
84127;7.49;2.4
84129;8.01;2.32
84132;7.01;2.04
84133;9.74;4.59
84136;15.33;7.74
84137;12.24;5.82
84138;12.56;5.58
84139;12.11;4.51
84141;5.69;1.38
84142;7.39;2.63
84144;9.49;4.75
84145;8.38;3.18
84147;7.94;3.09
84148;8.74;2.95
84149;9.46;5.06
84150;11.66;5.35
85001;6.9;1.58
85002;4.76;
85003;5.78;1.2
85004;4.66;0.64
85005;8.43;3.61
85006;7.21;1.95
85008;4.5;0.95
85009;8.04;2.93
85010;7.07;2.12
85011;4.63;1.28
85012;5.42;1.7
85013;6.1;1.83
85014;10.49;5.02
85015;3.16;
85016;6.99;1.84
85017;9.57;5.36
85018;6.47;1.9
85019;4.46;1.14
85020;6.4;2.56
85022;5.0;2.02
85023;;
85024;7.51;1.48
85025;6.69;2.58
85026;8.6;2.41
85029;6.9;1.55
85031;9.08;2.96
85033;8.16;
85034;7.72;2.8
85035;4.0;0.56
85036;10.34;3.74
85038;6.03;2.31
85039;5.68;2.33
85040;10.85;4.78
85042;8.9;2.31
85045;6.5;
85046;7.13;1.66
85047;6.62;1.31
85049;7.31;2.17
85050;9.31;3.34
85051;8.14;2.38
85054;5.47;
85055;6.19;2.2
85056;6.69;
85058;6.85;
85059;11.83;5.4
85061;6.91;2.4
85062;6.61;2.57
85064;6.55;2.21
85065;7.07;1.91
85066;9.59;3.11
85067;9.34;4.03
85070;6.21;1.47
85071;6.67;1.55
85072;4.86;
85074;;
85076;6.21;1.72
85077;8.81;3.98
85078;11.23;5.43
85080;7.33;2.08
85081;4.39;1.31
85082;5.73;2.03
85083;6.23;1.81
85084;6.08;1.64
85086;6.98;2.28
85088;5.25;1.03
85089;5.23;1.36
85090;7.86;2.27
85092;12.06;3.53
85093;5.3;
85094;13.47;6.59
85095;5.65;2.2
85096;5.52;1.66
85097;6.74;2.39
85098;3.55;
85099;6.7;2.54
85100;3.62;
85101;6.36;
85102;7.81;
85103;6.16;1.5
85105;9.0;
85106;5.24;1.46
85108;5.79;1.55
85109;5.83;1.08
85110;11.69;4.72
85111;11.85;3.91
85112;5.48;0.96
85113;4.14;1.07
85114;6.02;1.24
85115;8.81;4.26
85118;6.08;1.84
85119;5.28;1.07
85120;5.75;
85121;9.63;3.85
85123;7.69;
85126;4.11;
85127;5.16;1.13
85128;9.78;2.74
85129;5.95;1.85
85130;4.79;
85131;5.3;1.55
85132;12.39;6.3
85133;10.85;5.13
85135;6.95;1.55
85138;4.62;
85139;9.03;5.35
85140;8.39;3.8
85141;11.57;4.45
85142;9.2;3.07
85143;13.85;6.99
85144;3.99;
85145;7.81;2.53
85146;5.94;1.45
85147;9.12;3.6
85148;6.85;
85149;10.67;
85151;6.56;2.35
85152;5.24;1.43
85153;6.9;2.11
85154;8.77;3.51
85155;3.77;0.71
85156;5.21;1.18
85157;9.26;4.06
85158;8.82;3.43
85159;7.43;2.7
85160;5.06;1.59
85161;6.0;1.58
85162;7.71;2.03
85163;5.44;1.78
85164;6.17;1.92
85165;7.66;3.47
85167;5.49;
85169;5.89;2.55
85172;6.41;2.11
85174;9.82;3.37
85175;5.11;
85176;8.65;3.63
85177;9.28;3.91
85178;4.48;0.82
85179;4.25;
85181;9.34;4.15
85182;9.57;3.03
85185;6.73;
85186;4.44;
85187;8.91;3.71
85188;9.65;4.91
85190;6.51;1.74
85191;7.59;1.16
85192;6.46;
85193;8.07;4.04
85194;5.78;1.01
85196;5.6;1.98
85197;5.83;1.6
85198;5.89;2.19
85199;5.26;
85200;4.55;1.67
85202;7.11;2.74
85204;4.52;1.29
85205;13.75;8.93
85206;6.71;
85208;5.87;1.83
85209;8.61;
85210;8.21;4.15
85211;7.09;1.9
85212;5.53;
85213;6.65;1.84
85214;4.47;
85215;6.57;1.92
85216;5.93;2.33
85218;5.74;1.88
85220;11.92;2.33
85221;6.71;1.63
85222;6.21;0.9
85223;8.88;3.39
85226;5.5;0.99
85227;10.85;4.62
85229;12.61;4.3
85231;5.56;
85232;5.21;2.29
85234;6.7;1.69
85235;12.04;6.2
85236;4.35;
85237;10.67;
85238;7.86;1.9
85239;5.15;
85240;5.47;2.16
85242;5.09;
85243;4.55;1.2
85244;6.07;
85246;7.17;2.78
85247;5.19;
85250;4.58;1.15
85251;9.2;4.45
85252;9.35;3.96
85254;8.89;4.1
85255;6.59;1.34
85256;8.54;3.12
85259;3.65;1.83
85260;6.33;
85262;5.69;1.86
85264;13.01;5.6
85265;9.07;4.01
85266;5.43;1.76
85267;9.98;2.2
85268;7.12;1.75
85273;5.44;
85274;5.62;
85276;8.22;3.18
85277;7.81;3.17
85278;3.85;0.52
85280;6.4;1.92
85281;8.02;2.8
85282;8.37;4.19
85284;6.58;1.81
85286;7.72;
85287;11.06;
85288;5.99;1.12
85289;8.74;3.46
85290;8.53;3.75
85291;8.74;3.19
85292;8.87;3.8
85293;5.76;2.67
85294;4.65;0.75
85295;8.2;1.37
85296;4.4;
85297;7.6;3.28
85298;6.11;2.17
85300;4.61;1.19
85301;4.35;
85302;4.76;1.75
85303;9.53;3.94
85304;8.7;3.32
85305;10.62;5.23
85306;9.58;4.79
86001;19.88;10.74
86002;7.23;
86005;12.76;7.12
86007;10.18;5.18
86008;14.29;7.56
86009;14.38;8.95
86010;5.96;2.61
86014;6.34;3.29
86015;14.13;7.23
86016;4.64;
86017;7.94;4.37
86018;8.88;
86019;7.9;3.53
86022;14.12;6.78
86024;6.47;2.35
86025;19.63;11.53
86026;11.21;
86027;5.96;2.03
86028;3.81;
86029;12.69;6.44
86031;9.58;4.26
86032;9.4;4.35
86034;16.96;9.37
86036;10.05;4.78
86039;14.79;9.05
86041;6.86;1.09
86042;13.73;6.56
86044;8.98;4.19
86045;7.82;2.91
86046;6.64;1.97
86049;12.32;7.39
86050;10.91;5.58
86052;12.76;8.26
86053;9.26;4.47
86059;9.03;3.97
86061;16.76;9.19
86062;9.8;3.31
86064;17.68;8.56
86065;6.92;3.14
86066;13.4;5.03
86068;14.43;7.21
86070;10.99;4.31
86073;14.79;7.75
86074;7.0;2.93
86075;10.89;6.19
86076;4.81;1.28
86077;13.09;5.93
86078;16.97;7.33
86079;16.06;7.58
86082;13.15;6.06
86083;9.96;4.63
86086;11.71;6.85
86091;18.18;12.25
86092;10.78;5.1
86094;5.37;
86095;6.92;2.45
86097;15.76;
86099;8.6;2.94
86100;3.79;1.04
86103;12.99;5.43
86105;10.0;
86107;15.57;8.71
86108;21.01;13.62
86111;9.82;3.95
86112;15.75;7.88
86113;5.29;1.59
86115;7.87;2.45
86116;9.34;3.79
86118;18.31;7.75
86119;18.72;9.85
86120;18.9;11.4
86121;11.16;5.87
86122;;
86123;8.66;4.47
86125;15.9;10.4
86126;15.79;9.65
86128;8.9;3.18
86131;15.43;8.03
86133;9.81;5.48
86134;11.36;
86137;14.25;6.7
86139;10.77;4.76
86140;13.1;6.39
86141;7.58;3.33
86142;6.3;
86145;5.96;2.34
86148;10.86;4.86
86149;12.7;8.2
86152;11.58;5.67
86157;6.98;1.69
86158;7.0;2.72
86159;18.23;9.11
86160;14.79;7.8
86161;14.83;7.91
86163;4.59;1.24
86164;9.04;5.83
86165;17.17;7.74
86167;15.15;6.97
86169;13.66;6.56
86171;16.17;8.71
86173;14.96;10.25
86174;6.3;2.42
86175;14.89;8.94
86177;8.6;2.48
86178;5.73;1.82
86180;4.84;1.06
86182;15.83;10.42
86183;10.84;5.89
86184;10.27;4.02
86187;14.17;7.29
86189;20.08;10.98
86190;14.21;8.67
86193;16.06;7.67
86194;12.21;2.73
86195;8.49;
86196;;
86197;11.02;5.08
86198;4.21;
86200;13.04;7.25
86201;15.79;8.55
86204;5.02;1.51
86207;13.5;7.1
86209;6.14;1.75
86210;9.69;6.89
86211;14.68;10.04
86213;12.05;4.81
86214;6.57;1.63
86221;11.41;7.13
86222;5.87;1.89
86223;13.96;7.07
86224;11.06;5.53
86225;16.35;8.24
86226;6.37;2.29
86227;13.48;
86229;20.68;9.77
86233;11.58;5.34
86234;19.11;9.55
86235;9.73;3.83
86236;16.99;12.3
86237;9.05;5.0
86244;12.25;5.46
86245;10.74;5.83
86246;23.61;14.42
86248;19.41;10.59
86252;9.32;4.18
86253;20.73;9.07
86254;11.52;6.08
86255;10.17;5.08
86256;5.58;2.23
86258;9.72;5.25
86261;6.14;2.23
86262;11.76;6.44
86263;4.83;1.3
86264;16.83;10.24
86265;11.4;
86268;9.27;4.63
86272;8.65;3.46
86273;19.23;10.62
86274;12.43;7.07
86276;17.97;9.91
86279;12.46;7.12
86281;7.51;3.1
86284;9.25;5.07
86285;12.43;5.83
86287;14.57;7.54
86288;20.14;10.7
86289;18.76;11.44
86290;7.26;2.12
86292;5.69;
86293;9.13;3.98
86294;7.34;2.87
86296;7.77;
86297;5.56;1.25
86298;11.02;5.93
86299;8.86;4.06
86300;5.86;
87001;10.78;4.67
87002;9.02;4.29
87003;15.84;8.16
87011;19.29;10.57
87013;18.78;11.81
87014;14.38;8.47
87018;19.78;12.7
87019;4.13;1.28
87020;8.63;4.93
87021;6.0;2.22
87024;15.81;7.82
87027;16.32;9.83
87028;21.29;11.8
87029;14.81;6.79
87030;10.2;5.41
87032;19.57;12.74
87033;11.38;7.02
87035;14.7;8.31
87036;15.12;9.88
87038;6.48;2.02
87040;14.41;8.08
87041;15.38;8.57
87045;13.21;7.68
87046;12.96;7.01
87047;9.85;5.56
87048;5.84;2.14
87049;16.74;10.19
87050;5.92;1.68
87053;14.84;6.64
87054;14.43;8.01
87059;20.54;10.54
87060;18.82;12.44
87063;7.43;3.39
87064;20.58;12.48
87065;5.62;1.7
87066;14.97;8.39
87067;15.16;8.24
87068;16.52;8.26
87071;12.47;8.69
87075;7.56;2.47
87079;20.86;12.22
87080;20.33;9.34
87083;21.63;13.94
87085;12.99;4.08
87086;16.69;9.96
87087;24.37;13.66
87088;10.67;5.57
87089;18.66;11.07
87095;17.05;9.28
87096;14.75;9.53
87097;17.26;9.85
87101;17.53;
87103;11.56;5.39
87104;18.99;12.59
87105;16.13;9.75
87106;12.07;6.99
87107;6.97;3.56
87110;10.31;5.77
87111;17.99;9.87
87113;5.6;1.64
87114;6.48;2.06
87117;14.44;8.25
87118;12.99;7.9
87119;13.61;6.97
87122;10.45;5.95
87125;5.94;2.2
87126;13.72;7.17
87128;12.89;6.8
87131;14.29;8.28
87135;15.14;8.2
87140;10.64;6.64
87143;6.85;3.63
87146;16.84;10.45
87149;23.67;15.0
87151;14.01;7.78
87152;8.54;4.5
87154;14.22;7.01
87156;5.65;2.14
87158;17.87;11.54
87161;15.86;8.52
87164;10.44;6.73
87168;15.32;8.0
87169;6.78;3.29
87177;7.29;3.59
87178;8.06;3.45
87180;19.63;13.16
87181;15.64;7.33
87182;16.11;9.55
87185;11.03;7.1
87187;12.24;5.71
87189;19.54;11.49
87190;20.35;13.04
87191;12.37;7.79
87192;11.28;5.32
87194;15.67;10.03
87199;18.83;12.34
87201;5.51;2.08
88004;19.83;
88005;13.95;8.37
88009;8.95;4.17
88011;11.34;6.39
88012;10.63;4.82
88026;5.01;
88029;20.29;12.53
88032;9.71;4.59
88033;11.64;
88038;;
88039;7.36;
88044;8.77;
88048;10.96;7.69
88052;17.65;
88056;21.05;
88060;0.0;0.0
88066;;
88068;7.71;3.27
88075;6.89;2.52
88076;16.05;10.29
88078;17.34;9.0
88079;9.74;4.65
88081;12.77;6.47
88082;13.68;6.76
88087;8.71;2.33
88088;13.63;7.85
88090;14.1;6.15
88094;8.99;3.1
88095;12.69;6.72
88097;;
88099;8.12;4.2
88101;9.43;4.98
88107;;
88114;16.47;7.11
88115;11.51;5.29
88116;14.64;9.29
88117;;
88118;11.01;7.03
88120;15.05;11.29
88123;22.95;14.21
88124;22.78;13.52
88126;7.09;3.22
88132;5.42;2.26
88135;13.97;6.37
88142;7.84;
88148;10.14;4.23
88149;;0.0
88151;11.73;5.57
88158;7.46;3.61
88160;12.91;4.74
88165;9.17;4.43
88170;12.95;7.05
88176;22.78;13.29
88177;12.46;6.23
88178;4.31;1.47
88181;12.63;5.91
88185;;
88186;;
88187;;
88188;11.49;5.34
88196;8.96;3.39
88201;9.7;5.08
88206;9.71;3.64
88209;9.34;3.44
88212;18.57;13.08
88218;12.11;6.25
88225;7.44;3.81
88238;19.56;13.28
88239;;
88241;16.06;6.88
88242;;
88244;15.29;7.95
88246;11.11;
88247;8.93;5.18
88253;8.63;3.77
88258;25.29;13.92
88261;11.52;5.58
88266;12.4;7.48
88267;16.09;9.57
88268;;
88270;13.78;8.13
88274;;
88276;15.13;8.49
88285;9.09;
88286;;
88289;17.37;10.69
88292;16.27;9.6
88302;8.01;4.01
88304;22.46;11.51
88310;14.48;8.02
88311;;
88317;25.32;17.45
88319;15.09;8.99
88320;9.51;3.25
88321;18.67;8.49
88326;10.11;
88327;9.69;4.02
88328;5.71;
88334;17.14;
88338;;
88346;25.2;16.47
88349;15.37;8.1
88351;25.54;16.85
88355;11.86;5.82
88358;10.84;4.07
88361;13.41;6.51
88367;21.87;11.64
88369;8.47;4.97
88370;;
88372;13.95;6.88
88374;;
88382;29.73;
88383;13.72;5.32
88385;13.01;6.16
88391;7.95;4.59
88408;10.88;5.85
88409;8.17;2.18
88413;14.68;5.95
88415;8.31;3.01
88416;;0.0
88423;9.54;4.21
88424;8.78;4.19
88426;16.15;9.28
88428;9.28;3.92
88429;6.91;3.26
88438;9.95;
88441;;
88442;8.91;5.34
88443;;
88444;16.3;10.74
88445;8.82;3.84
88446;20.0;
88447;12.06;6.38
88451;21.84;13.79
88455;21.5;
88456;17.19;
88464;10.67;6.4
88465;8.8;3.46
88467;12.81;6.96
88468;17.24;9.36
88470;6.58;2.3
88476;18.33;
88481;8.05;4.47
88483;3.43;1.14
88484;14.34;8.46
88486;8.96;4.86
88487;15.11;9.24
88493;;
88495;;
88498;9.21;3.56
88500;7.47;4.75
88503;15.79;
88513;9.61;4.13
88516;13.53;6.91
88518;;
88520;14.94;6.9
88530;14.44;7.29
88531;6.69;1.98
88532;;
89003;11.91;5.38
89004;24.04;
89005;22.9;13.24
89013;8.59;3.5
89017;16.92;10.77
89019;19.28;12.05
89020;17.58;
89023;7.46;3.41
89024;13.04;4.3
89025;18.68;8.99
89027;16.56;7.01
89029;9.37;4.58
89030;7.72;
89031;8.22;4.61
89033;6.57;
89039;25.0;
89046;15.76;8.73
89055;16.45;8.33
89062;11.17;
89066;14.53;7.86
89068;16.08;9.01
89069;12.21;6.98
89072;21.39;11.76
89073;18.41;10.6
89074;8.96;4.35
89077;7.72;3.27
89083;5.81;2.35
89084;21.91;11.24
89086;13.36;6.98
89087;19.07;12.37
89091;19.44;9.62
89092;15.12;
89094;9.2;4.01
89096;8.45;2.51
89099;11.51;5.45
89100;9.05;4.41
89102;7.84;2.33
89105;9.42;5.07
89118;12.08;5.8
89119;18.71;9.94
89125;19.72;9.35
89127;8.21;
89129;10.99;6.38
89130;13.1;7.44
89131;18.07;
89136;6.91;3.07
89139;10.17;5.56
89144;14.46;7.02
89154;13.69;7.51
89155;9.83;5.34
89158;14.99;9.47
89159;8.41;
89162;6.57;
89163;12.68;5.74
89167;7.29;3.1
89169;13.14;7.85
89177;16.22;
89195;8.3;
89196;11.06;5.32
89197;17.45;10.88
89198;6.05;2.54
89201;6.74;3.16
89204;20.68;8.12
89206;18.33;8.81
89208;12.75;5.8
89210;13.89;
89218;12.2;5.96
89220;22.42;16.81
89223;15.52;7.98
89227;12.44;6.75
89228;6.23;2.46
89229;11.34;6.72
89232;18.13;8.79
89235;10.25;6.28
89236;6.02;2.07
89237;13.62;7.46
89238;15.37;8.03
89239;7.52;3.1
89242;16.92;9.21
89246;20.23;12.9
89247;13.66;
89254;17.63;10.49
89257;13.02;5.57
89261;7.64;
89263;6.72;2.15
89264;11.88;5.16
89274;9.8;3.92
89277;24.29;14.57
89279;13.79;6.29
89280;19.5;10.37
89283;14.54;7.52
89285;7.98;
89287;10.24;2.18
89288;10.74;
89289;14.51;7.25
89295;6.38;
89296;13.92;
89298;12.63;6.45
89302;8.0;
89307;12.44;7.07
89308;;
89309;12.18;5.35
89310;;
89311;11.21;3.48
89312;20.35;
89318;10.73;5.72
89320;;
89321;25.14;15.05
89324;14.71;7.01
89325;17.86;
89334;8.76;3.67
89337;11.31;5.41
89338;8.5;3.06
89341;13.87;8.03
89342;6.69;
89344;18.59;9.06
89345;17.86;8.78
89346;8.65;2.28
89348;14.73;6.68
89354;5.73;2.09
89361;8.28;
89364;19.23;8.01
89365;14.85;8.22
89367;12.5;6.63
89368;16.3;8.4
89370;11.04;5.99
89378;8.22;4.93
89380;17.68;8.84
89382;11.81;3.13
89384;12.21;5.34
89387;14.15;5.44
89391;10.08;4.57
89393;20.65;
89405;12.92;8.01
89407;12.87;6.22
89408;12.82;5.86
89411;7.73;3.16
89414;12.05;7.06
89416;14.83;7.67
89418;25.74;13.5
89419;17.0;8.46
89420;14.67;8.98
89422;;
89424;18.05;8.27
89426;18.78;12.18
89427;10.26;5.0
89430;19.46;9.73
89436;15.77;10.19
89438;6.73;2.48
89439;9.29;4.78
89441;15.31;9.48
89443;4.98;2.01
89446;13.07;8.51
89449;8.85;3.54
89453;8.3;3.73
89456;7.39;3.12
89458;;
89460;11.58;4.66
89461;20.77;11.46
89462;8.87;
89464;14.8;6.34
89466;;
89472;14.44;8.82
89478;14.73;7.82
89482;18.52;
90003;8.87;
90004;5.99;
90005;12.81;7.02
90008;9.45;3.11
90009;14.06;6.21
90010;16.32;5.59
90012;4.41;
90013;;
90016;0.0;0.0
90017;10.05;4.05
90021;;
90022;9.3;4.43
90023;4.96;
90026;6.97;2.48
90029;8.63;2.12
90031;;
90032;10.2;3.85
90033;13.38;4.86
90034;9.35;4.53
90035;8.16;
90036;;
90037;5.84;
90039;9.04;3.54
90041;7.17;2.87
90045;7.02;
90047;7.24;
90049;5.47;
90051;11.32;
90052;13.79;5.71
90053;11.34;5.57
90054;7.31;
90058;9.82;4.73
90060;;
90065;14.22;5.11
90067;9.57;
90068;6.4;1.87
90069;11.11;5.09
90071;8.88;4.44
90072;16.25;9.39
90075;5.28;1.12
90081;10.91;7.11
90083;;
90087;9.17;5.21
90088;6.79;4.03
90089;10.7;5.56
90091;3.96;
90093;9.91;4.28
90094;11.3;
90097;9.67;4.59
90099;11.14;3.95
90104;6.02;
91016;10.16;3.1
91021;9.89;2.31
91022;;
91027;7.77;1.94
91038;6.74;2.3
91041;6.06;2.78
91044;5.96;1.17
91045;6.66;1.64
91047;9.09;3.5
91064;6.96;1.58
91069;10.78;
91080;9.09;2.06
91085;5.42;1.7
91086;4.54;0.49
91095;7.29;1.9
91097;6.12;1.27
91098;;
91099;9.26;3.35
91103;6.34;1.09
91105;4.47;1.07
91106;3.27;
91109;7.14;2.51
91111;8.07;2.57
91112;;
91114;5.8;1.33
91115;6.51;1.09
91122;5.38;1.05
91129;6.8;2.39
91135;6.36;1.91
91136;6.94;2.31
91145;;
91148;;
91156;6.84;2.1
91159;4.67;
91161;6.64;0.89
91174;10.65;2.44
91175;7.46;
91179;5.41;1.0
91180;9.85;
91184;8.03;
91186;5.79;
91191;6.2;1.3
91200;8.96;2.5
91201;6.56;1.54
91207;5.64;1.63
91215;6.05;1.15
91216;7.16;1.31
91223;12.02;3.96
91225;6.73;
91226;8.73;2.44
91228;7.49;1.3
91232;8.58;3.01
91235;6.39;
91240;;
91243;9.83;4.23
91244;4.38;
91249;5.6;2.29
91272;5.98;1.06
91274;5.37;2.44
91275;6.27;1.69
91284;3.56;
91286;8.51;3.1
91292;4.33;
91293;9.34;3.69
91312;6.87;1.74
91315;5.37;1.58
91318;5.27;2.52
91326;8.64;2.08
91330;5.18;1.67
91332;6.81;2.06
91333;6.62;2.05
91338;5.45;1.61
91339;7.61;2.12
91340;3.6;0.56
91345;7.41;1.35
91347;5.25;1.4
91363;5.56;1.82
91376;4.61;0.99
91377;6.62;0.98
91386;5.5;0.63
91390;10.29;3.61
91405;10.11;4.0
91408;7.1;3.93
91411;5.6;
91412;5.31;
91421;6.44;1.49
91425;8.51;2.91
91432;6.97;1.35
91433;5.96;1.85
91434;6.92;2.04
91441;;
91457;4.62;0.95
91458;4.62;1.13
91461;4.87;1.29
91463;5.05;
91468;5.55;1.59
91471;6.87;1.5
91477;7.54;1.45
91479;6.91;1.79
91494;3.8;0.83
91511;9.56;3.34
91514;8.7;3.53
91519;;
91521;7.5;1.59
91526;;
91533;8.62;2.41
91534;5.6;0.94
91538;4.61;
91540;7.49;1.63
91549;6.79;1.56
91552;6.12;1.57
91553;6.18;2.34
91556;;
91560;7.25;
91570;6.2;1.32
91573;4.85;0.58
91577;5.48;1.25
91579;5.94;2.23
91587;6.43;1.51
91589;7.51;1.69
91599;38.07;33.44
91600;6.27;1.37
91602;;0.0
91617;7.4;2.29
91631;5.62;1.62
91634;6.9;3.0
91635;6.25;1.47
91645;5.06;0.92
91648;5.87;2.19
91649;8.53;3.34
91657;6.91;1.69
91659;5.8;1.85
91661;5.83;1.35
91662;6.61;3.31
91665;5.96;1.47
91666;5.83;1.81
91667;5.19;1.14
91679;4.4;
91685;5.17;0.83
91687;6.87;1.76
91689;5.83;1.33
91691;5.47;1.02
91692;6.28;1.03
92002;7.03;1.5
92004;8.72;2.07
92007;7.47;1.76
92009;8.12;1.42
92012;8.36;1.54
92014;7.75;1.13
92019;6.79;0.98
92020;6.99;1.3
92022;7.27;1.77
92023;6.78;1.44
92024;10.56;2.58
92025;7.92;1.88
92026;8.86;1.37
92032;7.44;1.53
92033;6.49;0.93
92035;7.66;1.49
92036;9.38;3.02
92040;8.47;1.88
92044;9.48;1.88
92046;9.44;2.6
92047;6.87;1.8
92048;7.58;1.59
92049;8.31;1.7
92050;8.37;1.78
92051;8.46;1.92
92060;7.29;0.62
92062;8.97;1.86
92063;7.94;1.56
92064;7.33;1.35
92071;8.33;1.59
92072;6.88;1.38
92073;8.32;1.63
92075;8.18;1.67
92076;6.58;1.15
92077;9.38;1.4
92078;7.1;1.99
93001;11.76;4.79
93005;8.31;2.85
93006;10.09;2.87
93007;7.52;2.32
93008;9.18;4.14
93010;8.63;2.61
93013;11.07;3.7
93014;7.44;1.91
93015;6.57;1.32
93027;10.67;5.0
93029;10.3;2.86
93030;6.47;1.55
93031;9.18;3.81
93032;8.45;2.84
93033;5.79;1.09
93039;7.81;3.41
93045;8.6;2.43
93046;8.92;2.6
93047;6.49;1.95
93048;9.34;2.79
93049;7.14;1.76
93050;6.17;1.3
93051;6.42;1.25
93053;9.86;4.14
93055;10.68;3.99
93057;9.31;3.21
93061;11.98;3.71
93062;9.95;2.63
93063;8.97;3.41
93064;7.29;1.79
93066;13.25;6.13
93070;12.08;3.8
93071;7.22;1.97
93072;9.6;3.62
93073;6.51;1.54
93074;8.31;2.09
93077;8.9;2.49
93078;6.58;1.4
93079;13.41;3.13
94001;7.27;1.76
94002;8.61;2.51
94003;9.37;2.88
94004;7.88;2.2
94011;7.43;3.02
94015;6.4;1.3
94016;7.96;2.2
94017;7.96;2.13
94018;7.16;1.15
94019;7.35;1.59
94021;9.5;4.16
94022;8.26;2.46
94028;6.9;1.7
94033;8.71;2.11
94034;6.08;1.01
94037;9.47;2.47
94038;8.15;1.35
94041;9.79;2.41
94042;8.09;1.43
94043;8.71;2.14
94044;7.28;1.43
94046;7.99;1.49
94047;6.37;2.5
94048;3.68;0.59
94052;8.8;2.3
94053;4.76;1.44
94054;7.02;1.53
94055;5.4;1.38
94056;5.72;
94058;7.95;1.81
94059;6.33;1.04
94060;5.49;1.31
94065;5.62;0.98
94067;7.95;1.94
94068;8.01;1.95
94069;9.39;1.92
94070;5.56;1.03
94071;6.16;1.33
94073;5.82;1.16
94074;7.71;2.72
94075;5.71;1.33
94076;8.49;2.64
94077;8.8;3.32
94078;10.28;4.11
94079;7.23;1.55
94080;8.37;1.77
94081;8.28;2.44
95008;10.28;5.56
95014;8.71;3.72
95018;8.69;2.71
95019;7.64;2.19
95026;5.77;2.42
95028;5.08;
95039;6.18;1.75
95042;6.22;1.56
95046;;
95051;4.8;0.76
95052;10.52;3.3
95056;6.99;2.26
95058;6.18;1.97
95060;5.69;0.96
95061;7.07;
95063;9.21;3.09
95078;8.17;3.5
95088;5.15;
95091;4.36;0.66
95101;6.02;
95110;;
95116;4.79;1.2
95120;4.93;
95127;8.47;1.02
95134;5.61;1.15
95139;;
95141;;
95142;10.84;4.68
95149;7.72;2.44
95150;4.73;
95151;11.03;
95157;;
95169;4.55;
95176;6.47;1.37
95177;9.41;3.51
95183;5.4;0.94
95197;6.86;1.37
95199;6.91;1.4
95203;5.7;0.98
95205;7.69;2.06
95210;9.7;2.57
95211;5.49;1.48
95212;;
95214;;
95218;5.21;0.76
95219;6.33;0.87
95229;5.79;1.35
95241;5.82;2.2
95250;6.25;2.02
95252;6.04;0.85
95256;4.41;
95257;8.11;2.17
95268;7.27;2.09
95271;5.45;
95277;6.28;2.12
95280;8.39;2.94
95288;7.43;2.46
95301;5.05;
95306;6.02;1.3
95313;7.31;1.44
95323;4.17;0.53
95351;7.08;2.1
95352;9.8;3.91
95353;6.61;2.48
95355;11.49;5.21
95365;10.88;6.12
95369;4.85;0.99
95370;8.77;3.65
95371;7.56;2.41
95388;4.35;0.98
95392;5.58;1.0
95394;5.82;1.55
95395;7.99;4.41
95409;7.84;
95424;5.57;1.26
95426;7.35;2.0
95427;6.55;1.53
95428;8.8;2.41
95430;5.79;1.65
95446;6.19;1.49
95450;6.31;1.65
95452;5.21;
95456;7.69;4.17
95459;11.19;6.1
95476;5.25;1.05
95480;4.61;1.0
95483;;
95487;10.89;3.77
95488;6.82;1.24
95491;4.82;0.67
95500;9.32;2.1
95504;6.88;1.69
95509;5.02;1.46
95510;6.97;
95523;9.49;4.74
95527;10.27;3.21
95529;5.33;
95539;6.57;1.57
95541;9.62;5.25
95555;6.13;1.14
95563;6.52;1.63
95566;10.96;6.89
95572;6.89;1.39
95574;7.5;3.63
95580;5.41;1.22
95582;7.71;2.18
95585;7.89;2.2
95598;7.09;1.8
95604;9.01;2.0
95607;5.9;0.98
95612;7.54;3.07
95628;5.66;
95637;4.4;0.59
95641;8.92;2.79
95651;10.34;4.32
95652;6.54;2.74
95658;5.9;2.84
95660;5.92;
95675;9.39;3.76
95680;9.37;3.77
97101;12.38;8.43
97102;11.37;9.32
97103;9.47;5.56
97104;15.53;12.0
97105;22.35;17.22
97106;16.31;13.55
97107;14.87;11.88
97108;13.43;10.26
97109;14.25;10.44
97110;14.35;10.65
97111;11.94;8.31
97112;16.82;12.73
97113;13.98;9.32
97114;12.71;9.22
97115;10.29;7.37
97116;11.42;8.49
97117;11.75;8.13
97118;11.36;7.51
97119;9.08;6.74
97120;24.5;16.97
97121;14.02;11.26
97122;13.46;10.99
97124;14.94;9.53
97125;14.02;8.47
97126;14.76;11.97
97127;0.0;0.0
97128;4.67;1.88
97129;4.6;2.17
97130;4.34;2.26
97131;6.05;3.24
97132;5.89;3.14
97133;5.82;2.67
97134;4.9;2.56
97201;13.31;8.19
97202;9.61;6.36
97203;13.11;9.48
97204;10.45;6.86
97205;10.48;6.04
97206;11.75;6.53
97207;9.21;5.03
97208;10.71;
97209;16.14;10.2
97210;10.29;6.71
97211;17.07;11.22
97212;10.5;6.9
97213;11.32;6.16
97214;12.89;8.08
97215;11.69;7.66
97216;11.07;7.74
97217;12.26;8.03
97218;13.44;9.27
97219;16.16;11.63
97220;10.56;6.44
97221;10.93;6.38
97222;11.35;7.57
97223;10.34;6.74
97224;10.5;5.91
97225;17.14;11.9
97226;11.23;6.81
97227;11.68;6.55
97228;12.86;9.5
97229;12.46;6.46
97230;14.74;9.49
97231;11.84;5.38
97232;12.94;8.56
97233;12.07;8.22
97234;10.96;5.88
97301;13.01;
97302;20.49;11.53
97303;14.23;9.06
97304;13.91;7.74
97305;18.1;10.96
97306;12.04;7.57
97307;17.46;10.89
97308;17.13;11.14
97309;12.33;5.22
97310;16.85;13.13
97311;14.7;8.89
97312;20.17;14.06
97313;18.64;11.94
97353;12.47;9.1
97357;1.69;
97358;0.0;0.0
97360;1.37;
97361;;
97362;;
97401;7.56;3.71
97402;6.68;3.54
97403;7.06;3.37
97404;6.21;2.54
97405;7.96;3.44
97406;10.56;5.98
97407;6.01;2.93
97408;6.4;2.27
97409;7.38;3.35
97410;7.2;3.52
97411;9.14;3.24
97412;8.11;3.77
97413;7.56;3.7
97414;6.45;3.04
97415;7.05;3.3
97416;7.64;3.11
97417;8.83;4.88
97418;6.57;2.91
97419;8.8;5.46
97420;8.45;4.86
97421;11.22;7.89
97422;7.77;3.32
97423;9.3;5.59
97424;11.35;7.2
97601;16.18;13.1
97602;10.16;6.81
97603;13.22;9.05
97604;16.67;7.8
97605;5.34;3.49
97606;9.65;6.03
97607;34.66;12.84
97608;13.88;8.63
97609;19.32;12.53
97610;28.07;16.51
97611;20.9;10.67
97612;19.68;15.59
97613;19.08;12.32
97614;11.98;7.8
97615;17.77;9.9
97616;24.18;16.45
97617;11.93;6.0
